timestamp,slug,file,lang,status_msg,run_success,total_correct,total_testcases,status_runtime,status_memory,runtime_percentile,memory_percentile,question_id,submission_id,state
2025-10-18T21:26:41.810787Z,best-time-to-buy-and-sell-stock-iii,C:/Users/B/Desktop/Capstone/capstone/capstone/new_transpiled_solutions/123__best-time-to-buy-and-sell-stock-iii/cpp/best-time-to-buy-and-sell-stock-iii.cpp,cpp,Accepted,True,214,214,2 ms,79.1 MB,87.0535,99.0924,123,1805343990,SUCCESS
2025-10-18T21:26:58.289385Z,binary-tree-maximum-path-sum,C:/Users/B/Desktop/Capstone/capstone/capstone/new_transpiled_solutions/124__binary-tree-maximum-path-sum/cpp/binary-tree-maximum-path-sum.cpp,cpp,Accepted,True,96,96,21 ms,33.2 MB,5.027400000000004,5.783199999999997,124,1805344104,SUCCESS
2025-10-18T21:27:19.538542Z,word-ladder-ii,C:/Users/B/Desktop/Capstone/capstone/capstone/new_transpiled_solutions/126__word-ladder-ii/cpp/word-ladder-ii.cpp,cpp,Time Limit Exceeded,False,33,38,N/A,N/A,None,None,126,1805344221,SUCCESS
2025-10-18T21:27:36.772415Z,word-ladder,C:/Users/B/Desktop/Capstone/capstone/capstone/new_transpiled_solutions/127__word-ladder/cpp/word-ladder.cpp,cpp,Accepted,True,51,51,13 ms,19.2 MB,99.28249999999997,96.15429999999999,127,1805344374,SUCCESS
2025-10-18T21:27:52.958897Z,candy,C:/Users/B/Desktop/Capstone/capstone/capstone/new_transpiled_solutions/135__candy/cpp/candy.cpp,cpp,Accepted,True,50,50,0 ms,22.9 MB,100,49.88760000000002,135,1805344493,SUCCESS
2025-10-18T21:28:10.480162Z,word-break-ii,C:/Users/B/Desktop/Capstone/capstone/capstone/new_transpiled_solutions/140__word-break-ii/cpp/word-break-ii.cpp,cpp,Accepted,True,29,29,3 ms,10.3 MB,11.561400000000003,62.5457,140,1805344608,SUCCESS
2025-10-18T21:28:26.780035Z,max-points-on-a-line,C:/Users/B/Desktop/Capstone/capstone/capstone/new_transpiled_solutions/149__max-points-on-a-line/cpp/max-points-on-a-line.cpp,cpp,Compile Error,False,None,None,N/A,N/A,None,None,149,1805344732,SUCCESS
2025-10-18T21:28:42.388994Z,find-minimum-in-rotated-sorted-array-ii,C:/Users/B/Desktop/Capstone/capstone/capstone/new_transpiled_solutions/154__find-minimum-in-rotated-sorted-array-ii/cpp/find-minimum-in-rotated-sorted-array-ii.cpp,cpp,Accepted,True,193,193,0 ms,16.3 MB,100,30.334699999999998,154,1805344841,SUCCESS
2025-10-18T21:28:58.401153Z,dungeon-game,C:/Users/B/Desktop/Capstone/capstone/capstone/new_transpiled_solutions/174__dungeon-game/cpp/dungeon-game.cpp,cpp,Accepted,True,45,45,0 ms,12.8 MB,100,86.79810000000002,174,1805344952,SUCCESS
2025-10-18T21:29:14.570017Z,best-time-to-buy-and-sell-stock-iv,C:/Users/B/Desktop/Capstone/capstone/capstone/new_transpiled_solutions/188__best-time-to-buy-and-sell-stock-iv/cpp/best-time-to-buy-and-sell-stock-iv.cpp,cpp,Accepted,True,211,211,3 ms,15.1 MB,83.1108,71.42359999999998,188,1805345056,SUCCESS
2025-10-18T21:29:32.053412Z,word-search-ii,C:/Users/B/Desktop/Capstone/capstone/capstone/new_transpiled_solutions/212__word-search-ii/cpp/word-search-ii.cpp,cpp,Accepted,True,65,65,653 ms,19.6 MB,34.08099999999975,44.99080000000002,212,1805345157,SUCCESS
2025-10-18T21:29:48.953584Z,shortest-palindrome,C:/Users/B/Desktop/Capstone/capstone/capstone/new_transpiled_solutions/214__shortest-palindrome/cpp/shortest-palindrome.cpp,cpp,Accepted,True,126,126,6 ms,15.8 MB,38.641500000000015,27.591700000000024,214,1805345278,SUCCESS
2025-10-18T21:30:05.307345Z,the-skyline-problem,C:/Users/B/Desktop/Capstone/capstone/capstone/new_transpiled_solutions/218__the-skyline-problem/cpp/the-skyline-problem.cpp,cpp,Accepted,True,44,44,50 ms,64 MB,14.7629,6.915899999999989,218,1805345388,SUCCESS
2025-10-18T21:30:22.886414Z,contains-duplicate-iii,C:/Users/B/Desktop/Capstone/capstone/capstone/new_transpiled_solutions/220__contains-duplicate-iii/cpp/contains-duplicate-iii.cpp,cpp,Accepted,True,56,56,242 ms,189.6 MB,16.59519999999986,8.201399999999838,220,1805345505,SUCCESS
2025-10-18T21:30:40.363703Z,basic-calculator,C:/Users/B/Desktop/Capstone/capstone/capstone/new_transpiled_solutions/224__basic-calculator/cpp/basic-calculator.cpp,cpp,Runtime Error,False,11,48,N/A,N/A,None,None,224,1805345622,SUCCESS
2025-10-18T21:30:56.377291Z,number-of-digit-one,C:/Users/B/Desktop/Capstone/capstone/capstone/new_transpiled_solutions/233__number-of-digit-one/cpp/number-of-digit-one.cpp,cpp,Accepted,True,38,38,0 ms,7.7 MB,100,80.54049999999998,233,1805345716,SUCCESS
2025-10-18T21:31:12.631732Z,sliding-window-maximum,C:/Users/B/Desktop/Capstone/capstone/capstone/new_transpiled_solutions/239__sliding-window-maximum/cpp/sliding-window-maximum.cpp,cpp,Accepted,True,51,51,11 ms,134.3 MB,96.90869999999998,98.57409999999999,239,1805345827,SUCCESS
2025-10-18T21:31:29.996483Z,merge-k-sorted-lists,C:/Users/B/Desktop/Capstone/capstone/capstone/new_transpiled_solutions/23__merge-k-sorted-lists/cpp/merge-k-sorted-lists.cpp,cpp,Accepted,True,134,134,0 ms,19 MB,100,26.025899999999993,23,1805345923,SUCCESS
2025-10-18T21:31:46.108053Z,reverse-nodes-in-k-group,C:/Users/B/Desktop/Capstone/capstone/capstone/new_transpiled_solutions/25__reverse-nodes-in-k-group/cpp/reverse-nodes-in-k-group.cpp,cpp,Compile Error,False,None,None,N/A,N/A,None,None,25,1805346066,SUCCESS
2025-10-18T21:32:02.478174Z,expression-add-operators,C:/Users/B/Desktop/Capstone/capstone/capstone/new_transpiled_solutions/282__expression-add-operators/cpp/expression-add-operators.cpp,cpp,Accepted,True,25,25,99 ms,15.9 MB,93.38490000000013,95.41500000000008,282,1805346183,SUCCESS
2025-10-18T21:32:20.462405Z,find-median-from-data-stream,C:/Users/B/Desktop/Capstone/capstone/capstone/new_transpiled_solutions/295__find-median-from-data-stream/cpp/find-median-from-data-stream.cpp,cpp,Accepted,True,22,22,53 ms,148.7 MB,92.25740000000003,11.303200000000015,295,1805346303,SUCCESS
2025-10-18T21:32:36.838775Z,serialize-and-deserialize-binary-tree,C:/Users/B/Desktop/Capstone/capstone/capstone/new_transpiled_solutions/297__serialize-and-deserialize-binary-tree/cpp/serialize-and-deserialize-binary-tree.cpp,cpp,Accepted,True,53,53,25 ms,34.8 MB,72.57480000000001,41.7838,297,1805346427,SUCCESS
2025-10-18T21:32:53.631800Z,remove-invalid-parentheses,C:/Users/B/Desktop/Capstone/capstone/capstone/new_transpiled_solutions/301__remove-invalid-parentheses/cpp/remove-invalid-parentheses.cpp,cpp,Accepted,True,129,129,5 ms,12 MB,85.5886,67.86199999999995,301,1805346535,SUCCESS
2025-10-18T21:33:10.170078Z,substring-with-concatenation-of-all-words,C:/Users/B/Desktop/Capstone/capstone/capstone/new_transpiled_solutions/30__substring-with-concatenation-of-all-words/cpp/substring-with-concatenation-of-all-words.cpp,cpp,Accepted,True,182,182,23 ms,23.9 MB,60.5577,37.442799999999956,30,1805346638,SUCCESS
2025-10-18T21:33:27.119832Z,burst-balloons,C:/Users/B/Desktop/Capstone/capstone/capstone/new_transpiled_solutions/312__burst-balloons/cpp/burst-balloons.cpp,cpp,Accepted,True,73,73,82 ms,13.9 MB,96.99230000000001,58.83050000000004,312,1805346737,SUCCESS
2025-10-18T21:33:43.894667Z,count-of-smaller-numbers-after-self,C:/Users/B/Desktop/Capstone/capstone/capstone/new_transpiled_solutions/315__count-of-smaller-numbers-after-self/cpp/count-of-smaller-numbers-after-self.cpp,cpp,Accepted,True,66,66,311 ms,237.4 MB,69.90749999999973,48.27819999999987,315,1805346880,SUCCESS
2025-10-18T21:34:00.611037Z,create-maximum-number,C:/Users/B/Desktop/Capstone/capstone/capstone/new_transpiled_solutions/321__create-maximum-number/cpp/create-maximum-number.cpp,cpp,Accepted,True,102,102,11 ms,22.3 MB,93.03970000000001,91.53150000000001,321,1805346989,SUCCESS
2025-10-18T21:34:18.144461Z,count-of-range-sum,C:/Users/B/Desktop/Capstone/capstone/capstone/new_transpiled_solutions/327__count-of-range-sum/cpp/count-of-range-sum.cpp,cpp,Accepted,True,67,67,275 ms,208 MB,82.04269999999968,55.79909999999962,327,1805347105,SUCCESS
2025-10-18T21:34:34.695820Z,longest-increasing-path-in-a-matrix,C:/Users/B/Desktop/Capstone/capstone/capstone/new_transpiled_solutions/329__longest-increasing-path-in-a-matrix/cpp/longest-increasing-path-in-a-matrix.cpp,cpp,Accepted,True,139,139,20 ms,25.5 MB,31.811300000000024,22.587199999999957,329,1805347233,SUCCESS
2025-10-18T21:34:52.001422Z,longest-valid-parentheses,C:/Users/B/Desktop/Capstone/capstone/capstone/new_transpiled_solutions/32__longest-valid-parentheses/cpp/longest-valid-parentheses.cpp,cpp,Accepted,True,235,235,5 ms,10 MB,14.017600000000003,98.40760000000002,32,1805347325,SUCCESS
2025-10-18T21:35:08.210357Z,patching-array,C:/Users/B/Desktop/Capstone/capstone/capstone/new_transpiled_solutions/330__patching-array/cpp/patching-array.cpp,cpp,Accepted,True,150,150,0 ms,15.2 MB,100,15.580100000000002,330,1805347430,SUCCESS
2025-10-18T21:35:24.894240Z,reconstruct-itinerary,C:/Users/B/Desktop/Capstone/capstone/capstone/new_transpiled_solutions/332__reconstruct-itinerary/cpp/reconstruct-itinerary.cpp,cpp,Accepted,True,82,82,7 ms,21.9 MB,62.47459999999999,19.87850000000005,332,1805347528,SUCCESS
2025-10-18T21:35:41.106468Z,self-crossing,C:/Users/B/Desktop/Capstone/capstone/capstone/new_transpiled_solutions/335__self-crossing/cpp/self-crossing.cpp,cpp,Accepted,True,31,31,0 ms,30.1 MB,100,57.76809999999999,335,1805347620,SUCCESS
2025-10-18T21:35:58.454350Z,data-stream-as-disjoint-intervals,C:/Users/B/Desktop/Capstone/capstone/capstone/new_transpiled_solutions/352__data-stream-as-disjoint-intervals/cpp/data-stream-as-disjoint-intervals.cpp,cpp,Accepted,True,7,7,0 ms,10.8 MB,100,62.13720000000001,352,1805347744,SUCCESS
2025-10-18T21:36:15.935703Z,russian-doll-envelopes,C:/Users/B/Desktop/Capstone/capstone/capstone/new_transpiled_solutions/354__russian-doll-envelopes/cpp/russian-doll-envelopes.cpp,cpp,Accepted,True,87,87,45 ms,81.7 MB,48.000899999999966,63.7193,354,1805347840,SUCCESS
2025-10-18T21:36:32.163034Z,perfect-rectangle,C:/Users/B/Desktop/Capstone/capstone/capstone/new_transpiled_solutions/391__perfect-rectangle/cpp/perfect-rectangle.cpp,cpp,Accepted,True,49,49,24 ms,36.4 MB,93.85670000000002,53.07240000000008,391,1805347963,SUCCESS
2025-10-18T21:36:48.200142Z,frog-jump,C:/Users/B/Desktop/Capstone/capstone/capstone/new_transpiled_solutions/403__frog-jump/cpp/frog-jump.cpp,cpp,Accepted,True,55,55,91 ms,44.7 MB,62.54040000000004,50.70220000000011,403,1805348096,SUCCESS
2025-10-18T21:37:04.715669Z,trapping-rain-water-ii,C:/Users/B/Desktop/Capstone/capstone/capstone/new_transpiled_solutions/407__trapping-rain-water-ii/cpp/trapping-rain-water-ii.cpp,cpp,Accepted,True,42,42,27 ms,18.5 MB,64.31249999999999,44.8671,407,1805348200,SUCCESS
2025-10-18T21:37:20.722148Z,split-array-largest-sum,C:/Users/B/Desktop/Capstone/capstone/capstone/new_transpiled_solutions/410__split-array-largest-sum/cpp/split-array-largest-sum.cpp,cpp,Accepted,True,34,34,0 ms,10.5 MB,100,57.56669999999998,410,1805348291,SUCCESS
2025-10-18T21:37:37.039365Z,first-missing-positive,C:/Users/B/Desktop/Capstone/capstone/capstone/new_transpiled_solutions/41__first-missing-positive/cpp/first-missing-positive.cpp,cpp,Accepted,True,179,179,0 ms,55.1 MB,100,52.31060000000001,41,1805348399,SUCCESS
2025-10-18T21:37:53.532160Z,strong-password-checker,C:/Users/B/Desktop/Capstone/capstone/capstone/new_transpiled_solutions/420__strong-password-checker/cpp/strong-password-checker.cpp,cpp,Wrong Answer,True,51,54,N/A,N/A,None,None,420,1805348519,SUCCESS
2025-10-18T21:38:09.917217Z,trapping-rain-water,C:/Users/B/Desktop/Capstone/capstone/capstone/new_transpiled_solutions/42__trapping-rain-water/cpp/trapping-rain-water.cpp,cpp,Accepted,True,324,324,1 ms,26.1 MB,25.646600000000007,50.3698,42,1805348621,SUCCESS
2025-10-18T21:38:27.830228Z,all-oone-data-structure,C:/Users/B/Desktop/Capstone/capstone/capstone/new_transpiled_solutions/432__all-oone-data-structure/cpp/all-oone-data-structure.cpp,cpp,Accepted,True,24,24,98 ms,105.7 MB,23.228300000000026,5.021000000000195,432,1805348721,SUCCESS
2025-10-18T21:38:45.018086Z,k-th-smallest-in-lexicographical-order,C:/Users/B/Desktop/Capstone/capstone/capstone/new_transpiled_solutions/440__k-th-smallest-in-lexicographical-order/cpp/k-th-smallest-in-lexicographical-order.cpp,cpp,Accepted,True,70,70,0 ms,8.2 MB,100,2.8168999999999977,440,1805348857,SUCCESS
2025-10-18T21:39:01.637780Z,arithmetic-slices-ii-subsequence,C:/Users/B/Desktop/Capstone/capstone/capstone/new_transpiled_solutions/446__arithmetic-slices-ii-subsequence/cpp/arithmetic-slices-ii-subsequence.cpp,cpp,Accepted,True,101,101,463 ms,158.9 MB,80.15579999999972,48.40309999999988,446,1805348965,SUCCESS
2025-10-18T21:39:19.434134Z,lfu-cache,C:/Users/B/Desktop/Capstone/capstone/capstone/new_transpiled_solutions/460__lfu-cache/cpp/lfu-cache.cpp,cpp,Accepted,True,25,25,143 ms,196.5 MB,33.613399999999935,32.36569999999999,460,1805349076,SUCCESS
2025-10-18T21:39:36.837679Z,concatenated-words,C:/Users/B/Desktop/Capstone/capstone/capstone/new_transpiled_solutions/472__concatenated-words/cpp/concatenated-words.cpp,cpp,Accepted,True,43,43,95 ms,50.4 MB,97.33099999999999,87.75459999999994,472,1805349187,SUCCESS
2025-10-18T21:39:53.213817Z,largest-palindrome-product,C:/Users/B/Desktop/Capstone/capstone/capstone/new_transpiled_solutions/479__largest-palindrome-product/cpp/largest-palindrome-product.cpp,cpp,Accepted,True,8,8,3 ms,10 MB,87.7451,81.37239999999998,479,1805349323,SUCCESS
2025-10-18T21:40:10.661947Z,sliding-window-median,C:/Users/B/Desktop/Capstone/capstone/capstone/new_transpiled_solutions/480__sliding-window-median/cpp/sliding-window-median.cpp,cpp,Accepted,True,44,44,40 ms,42 MB,82.75679999999994,65.09519999999983,480,1805349423,SUCCESS
2025-10-18T21:40:26.965010Z,smallest-good-base,C:/Users/B/Desktop/Capstone/capstone/capstone/new_transpiled_solutions/483__smallest-good-base/cpp/smallest-good-base.cpp,cpp,Accepted,True,109,109,3 ms,9.1 MB,19.999900000000004,8.571500000000007,483,1805349546,SUCCESS
2025-10-18T21:40:43.156677Z,reverse-pairs,C:/Users/B/Desktop/Capstone/capstone/capstone/new_transpiled_solutions/493__reverse-pairs/cpp/reverse-pairs.cpp,cpp,Accepted,True,140,140,222 ms,112.8 MB,84.83739999999983,87.66839999999941,493,1805349652,SUCCESS
2025-10-18T21:40:59.175963Z,median-of-two-sorted-arrays,C:/Users/B/Desktop/Capstone/capstone/capstone/new_transpiled_solutions/4__median-of-two-sorted-arrays/cpp/median-of-two-sorted-arrays.cpp,cpp,Accepted,True,2097,2097,3 ms,95.7 MB,31.0884,36.447200000000024,4,1805349751,SUCCESS
2025-10-18T21:41:15.365566Z,freedom-trail,C:/Users/B/Desktop/Capstone/capstone/capstone/new_transpiled_solutions/514__freedom-trail/cpp/freedom-trail.cpp,cpp,Accepted,True,303,303,7 ms,10.3 MB,92.0588,86.1765,514,1805349854,SUCCESS
2025-10-18T21:41:31.466905Z,n-queens,C:/Users/B/Desktop/Capstone/capstone/capstone/new_transpiled_solutions/51__n-queens/cpp/n-queens.cpp,cpp,Accepted,True,9,9,0 ms,11.6 MB,100,25.256699999999995,51,1805349954,SUCCESS
2025-10-18T21:41:48.021139Z,n-queens-ii,C:/Users/B/Desktop/Capstone/capstone/capstone/new_transpiled_solutions/52__n-queens-ii/cpp/n-queens-ii.cpp,cpp,Accepted,True,9,9,0 ms,8.1 MB,100,64.34949999999999,52,1805350038,SUCCESS
2025-10-18T21:42:05.758681Z,remove-boxes,C:/Users/B/Desktop/Capstone/capstone/capstone/new_transpiled_solutions/546__remove-boxes/cpp/remove-boxes.cpp,cpp,Accepted,True,63,63,131 ms,86 MB,40.28179999999983,42.010200000000005,546,1805350150,SUCCESS
2025-10-18T21:42:21.866434Z,student-attendance-record-ii,C:/Users/B/Desktop/Capstone/capstone/capstone/new_transpiled_solutions/552__student-attendance-record-ii/cpp/student-attendance-record-ii.cpp,cpp,Accepted,True,59,59,7 ms,7.9 MB,97.78009999999999,94.24820000000001,552,1805350283,SUCCESS
2025-10-18T21:42:38.509553Z,find-the-closest-palindrome,C:/Users/B/Desktop/Capstone/capstone/capstone/new_transpiled_solutions/564__find-the-closest-palindrome/cpp/find-the-closest-palindrome.cpp,cpp,Accepted,True,232,232,0 ms,10.2 MB,100,9.565199999999999,564,1805350395,SUCCESS
2025-10-18T21:42:55.908149Z,erect-the-fence,C:/Users/B/Desktop/Capstone/capstone/capstone/new_transpiled_solutions/587__erect-the-fence/cpp/erect-the-fence.cpp,cpp,Accepted,True,88,88,24 ms,27.9 MB,21.481500000000004,24.19770000000002,587,1805350505,SUCCESS
2025-10-18T21:43:12.074586Z,tag-validator,C:/Users/B/Desktop/Capstone/capstone/capstone/new_transpiled_solutions/591__tag-validator/cpp/tag-validator.cpp,cpp,Accepted,True,261,261,0 ms,9.5 MB,100,34.694100000000006,591,1805350614,SUCCESS
2025-10-18T21:43:28.301354Z,non-negative-integers-without-consecutive-ones,C:/Users/B/Desktop/Capstone/capstone/capstone/new_transpiled_solutions/600__non-negative-integers-without-consecutive-ones/cpp/non-negative-integers-without-consecutive-ones.cpp,cpp,Accepted,True,527,527,0 ms,8.4 MB,100,51.939099999999996,600,1805350717,SUCCESS
2025-10-18T21:43:44.186300Z,permutation-sequence,C:/Users/B/Desktop/Capstone/capstone/capstone/new_transpiled_solutions/60__permutation-sequence/cpp/permutation-sequence.cpp,cpp,Accepted,True,200,200,0 ms,8.8 MB,100,57.55119999999999,60,1805350817,SUCCESS
2025-10-18T21:44:00.333163Z,k-inverse-pairs-array,C:/Users/B/Desktop/Capstone/capstone/capstone/new_transpiled_solutions/629__k-inverse-pairs-array/cpp/k-inverse-pairs-array.cpp,cpp,Accepted,True,81,81,15 ms,23.7 MB,91.85439999999998,68.80450000000002,629,1805350929,SUCCESS
2025-10-18T21:44:16.692242Z,course-schedule-iii,C:/Users/B/Desktop/Capstone/capstone/capstone/new_transpiled_solutions/630__course-schedule-iii/cpp/course-schedule-iii.cpp,cpp,Accepted,True,97,97,32 ms,60.4 MB,62.479699999999994,58.78490000000003,630,1805351041,SUCCESS
2025-10-18T21:44:34.207463Z,decode-ways-ii,C:/Users/B/Desktop/Capstone/capstone/capstone/new_transpiled_solutions/639__decode-ways-ii/cpp/decode-ways-ii.cpp,cpp,Accepted,True,218,218,5 ms,15 MB,94.4012,95.17889999999997,639,1805351151,SUCCESS
2025-10-18T21:44:50.837101Z,valid-number,C:/Users/B/Desktop/Capstone/capstone/capstone/new_transpiled_solutions/65__valid-number/cpp/valid-number.cpp,cpp,Accepted,True,1498,1498,0 ms,11.6 MB,100,5.084699999999991,65,1805351279,SUCCESS
2025-10-18T21:45:07.078658Z,strange-printer,C:/Users/B/Desktop/Capstone/capstone/capstone/new_transpiled_solutions/664__strange-printer/cpp/strange-printer.cpp,cpp,Accepted,True,200,200,35 ms,13.3 MB,30.74439999999997,15.864400000000018,664,1805351372,SUCCESS
2025-10-18T21:45:23.328025Z,kth-smallest-number-in-multiplication-table,C:/Users/B/Desktop/Capstone/capstone/capstone/new_transpiled_solutions/668__kth-smallest-number-in-multiplication-table/cpp/kth-smallest-number-in-multiplication-table.cpp,cpp,Accepted,True,71,71,7 ms,7.9 MB,92.5224,9.598200000000006,668,1805351473,SUCCESS
2025-10-18T21:45:41.007236Z,cut-off-trees-for-golf-event,C:/Users/B/Desktop/Capstone/capstone/capstone/new_transpiled_solutions/675__cut-off-trees-for-golf-event/cpp/cut-off-trees-for-golf-event.cpp,cpp,Accepted,True,55,55,368 ms,82.4 MB,98.81760000000003,97.80420000000004,675,1805351592,SUCCESS
2025-10-18T21:45:57.798286Z,24-game,C:/Users/B/Desktop/Capstone/capstone/capstone/new_transpiled_solutions/679__24-game/cpp/24-game.cpp,cpp,Accepted,True,71,71,10 ms,12 MB,81.51580000000001,87.04869999999997,679,1805351706,SUCCESS
2025-10-18T21:46:13.966763Z,redundant-connection-ii,C:/Users/B/Desktop/Capstone/capstone/capstone/new_transpiled_solutions/685__redundant-connection-ii/cpp/redundant-connection-ii.cpp,cpp,Accepted,True,58,58,0 ms,13.7 MB,100,61.4213,685,1805351824,SUCCESS
2025-10-18T21:46:30.268013Z,maximum-sum-of-3-non-overlapping-subarrays,C:/Users/B/Desktop/Capstone/capstone/capstone/new_transpiled_solutions/689__maximum-sum-of-3-non-overlapping-subarrays/cpp/maximum-sum-of-3-non-overlapping-subarrays.cpp,cpp,Wrong Answer,True,39,43,N/A,N/A,None,None,689,1805351943,SUCCESS
2025-10-18T21:46:46.553153Z,text-justification,C:/Users/B/Desktop/Capstone/capstone/capstone/new_transpiled_solutions/68__text-justification/cpp/text-justification.cpp,cpp,Accepted,True,29,29,3 ms,10.7 MB,5.748400000000003,38.29700000000002,68,1805352037,SUCCESS
2025-10-18T21:47:03.016612Z,stickers-to-spell-word,C:/Users/B/Desktop/Capstone/capstone/capstone/new_transpiled_solutions/691__stickers-to-spell-word/cpp/stickers-to-spell-word.cpp,cpp,Accepted,True,102,102,18 ms,14.6 MB,96.03990000000003,84.35650000000004,691,1805352136,SUCCESS
2025-10-18T21:47:20.415390Z,falling-squares,C:/Users/B/Desktop/Capstone/capstone/capstone/new_transpiled_solutions/699__falling-squares/cpp/falling-squares.cpp,cpp,Accepted,True,48,48,3 ms,15 MB,95.99989999999998,94.33340000000001,699,1805352237,SUCCESS
2025-10-18T21:47:37.975214Z,range-module,C:/Users/B/Desktop/Capstone/capstone/capstone/new_transpiled_solutions/715__range-module/cpp/range-module.cpp,cpp,Accepted,True,56,56,166 ms,283.5 MB,21.911500000000036,18.181900000000002,715,1805352336,SUCCESS
2025-10-18T21:47:54.178446Z,find-k-th-smallest-pair-distance,C:/Users/B/Desktop/Capstone/capstone/capstone/new_transpiled_solutions/719__find-k-th-smallest-pair-distance/cpp/find-k-th-smallest-pair-distance.cpp,cpp,Accepted,True,20,20,0 ms,14.1 MB,100,12.638300000000005,719,1805352435,SUCCESS
2025-10-18T21:48:10.209010Z,count-different-palindromic-subsequences,C:/Users/B/Desktop/Capstone/capstone/capstone/new_transpiled_solutions/730__count-different-palindromic-subsequences/cpp/count-different-palindromic-subsequences.cpp,cpp,Accepted,True,367,367,67 ms,70.7 MB,47.0748,10.026599999999986,730,1805352524,SUCCESS
2025-10-18T21:48:27.689837Z,parse-lisp-expression,C:/Users/B/Desktop/Capstone/capstone/capstone/new_transpiled_solutions/736__parse-lisp-expression/cpp/parse-lisp-expression.cpp,cpp,Accepted,True,66,66,6 ms,14.7 MB,52.892500000000005,45.45479999999996,736,1805352628,SUCCESS
2025-10-18T21:48:43.828430Z,cherry-pickup,C:/Users/B/Desktop/Capstone/capstone/capstone/new_transpiled_solutions/741__cherry-pickup/cpp/cherry-pickup.cpp,cpp,Accepted,True,60,60,15 ms,13.3 MB,97.38910000000001,93.0548,741,1805352741,SUCCESS
2025-10-18T21:49:00.294785Z,contain-virus,C:/Users/B/Desktop/Capstone/capstone/capstone/new_transpiled_solutions/750__contain-virus/cpp/contain-virus.cpp,cpp,Accepted,True,32,32,18 ms,17.5 MB,48.3253,78.94700000000003,750,1805352852,SUCCESS
2025-10-18T21:49:16.341979Z,cracking-the-safe,C:/Users/B/Desktop/Capstone/capstone/capstone/new_transpiled_solutions/754__cracking-the-safe/cpp/cracking-the-safe.cpp,cpp,Accepted,True,38,38,0 ms,9.4 MB,100,97.48289999999999,754,1805352964,SUCCESS
2025-10-18T21:49:32.504138Z,set-intersection-size-at-least-two,C:/Users/B/Desktop/Capstone/capstone/capstone/new_transpiled_solutions/759__set-intersection-size-at-least-two/cpp/set-intersection-size-at-least-two.cpp,cpp,Accepted,True,117,117,47 ms,21.9 MB,25.00000000000003,40.2542,759,1805353064,SUCCESS
2025-10-18T21:49:50.456949Z,special-binary-string,C:/Users/B/Desktop/Capstone/capstone/capstone/new_transpiled_solutions/763__special-binary-string/cpp/special-binary-string.cpp,cpp,Accepted,True,87,87,0 ms,9.3 MB,100,82.89970000000001,763,1805353180,SUCCESS
2025-10-18T21:50:06.579456Z,couples-holding-hands,C:/Users/B/Desktop/Capstone/capstone/capstone/new_transpiled_solutions/770__couples-holding-hands/cpp/couples-holding-hands.cpp,cpp,Runtime Error,False,0,56,N/A,N/A,None,None,770,1805353299,SUCCESS
2025-10-18T21:50:23.729670Z,max-chunks-to-make-sorted-ii,C:/Users/B/Desktop/Capstone/capstone/capstone/new_transpiled_solutions/779__max-chunks-to-make-sorted-ii/cpp/max-chunks-to-make-sorted-ii.cpp,cpp,Accepted,True,139,139,0 ms,16 MB,100,94.9276,779,1805353398,SUCCESS
2025-10-18T21:50:42.753893Z,basic-calculator-iv,C:/Users/B/Desktop/Capstone/capstone/capstone/new_transpiled_solutions/781__basic-calculator-iv/cpp/basic-calculator-iv.cpp,cpp,Wrong Answer,True,142,158,N/A,N/A,None,None,781,1805353526,SUCCESS
2025-10-18T21:51:00.448167Z,sliding-puzzle,C:/Users/B/Desktop/Capstone/capstone/capstone/new_transpiled_solutions/787__sliding-puzzle/cpp/sliding-puzzle.cpp,cpp,Accepted,True,32,32,11 ms,12.4 MB,42.62480000000001,39.37280000000002,787,1805353646,SUCCESS
2025-10-18T21:51:16.476930Z,reaching-points,C:/Users/B/Desktop/Capstone/capstone/capstone/new_transpiled_solutions/796__reaching-points/cpp/reaching-points.cpp,cpp,Accepted,True,197,197,0 ms,7.9 MB,100,30.927800000000005,796,1805353769,SUCCESS
2025-10-18T21:51:33.995137Z,transform-to-chessboard,C:/Users/B/Desktop/Capstone/capstone/capstone/new_transpiled_solutions/798__transform-to-chessboard/cpp/transform-to-chessboard.cpp,cpp,Accepted,True,127,127,0 ms,14 MB,100,10.9375,798,1805353879,SUCCESS
2025-10-18T21:51:50.695522Z,preimage-size-of-factorial-zeroes-function,C:/Users/B/Desktop/Capstone/capstone/capstone/new_transpiled_solutions/809__preimage-size-of-factorial-zeroes-function/cpp/preimage-size-of-factorial-zeroes-function.cpp,cpp,Accepted,True,44,44,0 ms,7.9 MB,100,39.68260000000001,809,1805354004,SUCCESS
2025-10-18T21:52:07.002088Z,smallest-rotation-with-highest-score,C:/Users/B/Desktop/Capstone/capstone/capstone/new_transpiled_solutions/814__smallest-rotation-with-highest-score/cpp/smallest-rotation-with-highest-score.cpp,cpp,Accepted,True,44,44,3 ms,78.4 MB,81.9277,50.60249999999999,814,1805354112,SUCCESS
2025-10-18T21:52:23.828982Z,minimum-swaps-to-make-sequences-increasing,C:/Users/B/Desktop/Capstone/capstone/capstone/new_transpiled_solutions/819__minimum-swaps-to-make-sequences-increasing/cpp/minimum-swaps-to-make-sequences-increasing.cpp,cpp,Accepted,True,117,117,0 ms,94.2 MB,100,83.70190000000001,819,1805354228,SUCCESS
2025-10-18T21:52:46.286634Z,split-array-with-same-average,C:/Users/B/Desktop/Capstone/capstone/capstone/new_transpiled_solutions/823__split-array-with-same-average/cpp/split-array-with-same-average.cpp,cpp,Accepted,True,111,111,783 ms,165.9 MB,41.42249999999996,30.38729999999998,823,1805354338,SUCCESS
2025-10-18T21:53:07.582112Z,bus-routes,C:/Users/B/Desktop/Capstone/capstone/capstone/new_transpiled_solutions/833__bus-routes/cpp/bus-routes.cpp,cpp,Time Limit Exceeded,False,44,54,N/A,N/A,None,None,833,1805354491,SUCCESS
2025-10-18T21:53:23.933450Z,race-car,C:/Users/B/Desktop/Capstone/capstone/capstone/new_transpiled_solutions/836__race-car/cpp/race-car.cpp,cpp,Accepted,True,55,55,3 ms,9.5 MB,75.36,84.16000000000001,836,1805354620,SUCCESS
2025-10-18T21:53:41.415689Z,making-a-large-island,C:/Users/B/Desktop/Capstone/capstone/capstone/new_transpiled_solutions/854__making-a-large-island/cpp/making-a-large-island.cpp,cpp,Accepted,True,75,75,292 ms,151.4 MB,33.789999999999836,48.93219999999938,854,1805354742,SUCCESS
2025-10-18T21:53:58.013488Z,count-unique-characters-of-all-substrings-of-a-given-string,C:/Users/B/Desktop/Capstone/capstone/capstone/new_transpiled_solutions/855__count-unique-characters-of-all-substrings-of-a-given-string/cpp/count-unique-characters-of-all-substrings-of-a-given-string.cpp,cpp,Accepted,True,76,76,0 ms,13.9 MB,100,95.8238,855,1805354869,SUCCESS
2025-10-18T21:54:13.997140Z,maximal-rectangle,C:/Users/B/Desktop/Capstone/capstone/capstone/new_transpiled_solutions/85__maximal-rectangle/cpp/maximal-rectangle.cpp,cpp,Accepted,True,75,75,3 ms,16.3 MB,86.73419999999999,96.8464,85,1805354987,SUCCESS
2025-10-18T21:54:30.207275Z,sum-of-distances-in-tree,C:/Users/B/Desktop/Capstone/capstone/capstone/new_transpiled_solutions/863__sum-of-distances-in-tree/cpp/sum-of-distances-in-tree.cpp,cpp,Accepted,True,74,74,83 ms,96.9 MB,62.30780000000003,89.74380000000001,863,1805355082,SUCCESS
2025-10-18T21:54:47.240680Z,similar-string-groups,C:/Users/B/Desktop/Capstone/capstone/capstone/new_transpiled_solutions/869__similar-string-groups/cpp/similar-string-groups.cpp,cpp,Wrong Answer,True,75,77,N/A,N/A,None,None,869,1805355181,SUCCESS
2025-10-18T21:55:03.549650Z,guess-the-word,C:/Users/B/Desktop/Capstone/capstone/capstone/new_transpiled_solutions/873__guess-the-word/cpp/guess-the-word.cpp,cpp,Wrong Answer,True,11,13,N/A,N/A,None,None,873,1805355288,SUCCESS
2025-10-18T21:55:19.612285Z,shortest-path-visiting-all-nodes,C:/Users/B/Desktop/Capstone/capstone/capstone/new_transpiled_solutions/877__shortest-path-visiting-all-nodes/cpp/shortest-path-visiting-all-nodes.cpp,cpp,Accepted,True,55,55,22 ms,19.2 MB,57.619400000000006,50.883700000000125,877,1805355389,SUCCESS
2025-10-18T21:55:36.934889Z,k-similar-strings,C:/Users/B/Desktop/Capstone/capstone/capstone/new_transpiled_solutions/884__k-similar-strings/cpp/k-similar-strings.cpp,cpp,Accepted,True,66,66,470 ms,172.6 MB,13.136400000000119,9.121200000000144,884,1805355496,SUCCESS
2025-10-18T21:55:54.963872Z,random-pick-with-blacklist,C:/Users/B/Desktop/Capstone/capstone/capstone/new_transpiled_solutions/894__random-pick-with-blacklist/cpp/random-pick-with-blacklist.cpp,cpp,Accepted,True,68,68,35 ms,79.5 MB,65.28240000000008,19.62210000000011,894,1805355617,SUCCESS
2025-10-18T21:56:12.460307Z,shortest-path-to-get-all-keys,C:/Users/B/Desktop/Capstone/capstone/capstone/new_transpiled_solutions/895__shortest-path-to-get-all-keys/cpp/shortest-path-to-get-all-keys.cpp,cpp,Accepted,True,36,36,8 ms,14.6 MB,99.15250000000002,87.53000000000002,895,1805355759,SUCCESS
2025-10-18T21:56:28.506827Z,minimum-number-of-refueling-stops,C:/Users/B/Desktop/Capstone/capstone/capstone/new_transpiled_solutions/902__minimum-number-of-refueling-stops/cpp/minimum-number-of-refueling-stops.cpp,cpp,Accepted,True,198,198,0 ms,21.3 MB,100,12.639499999999996,902,1805355882,SUCCESS
2025-10-18T21:56:44.646236Z,nth-magical-number,C:/Users/B/Desktop/Capstone/capstone/capstone/new_transpiled_solutions/910__nth-magical-number/cpp/nth-magical-number.cpp,cpp,Accepted,True,70,70,0 ms,7.8 MB,100,44.607,910,1805355995,SUCCESS
2025-10-18T21:57:02.258844Z,profitable-schemes,C:/Users/B/Desktop/Capstone/capstone/capstone/new_transpiled_solutions/911__profitable-schemes/cpp/profitable-schemes.cpp,cpp,Accepted,True,45,45,21 ms,12.3 MB,98.65159999999999,86.8258,911,1805356118,SUCCESS
2025-10-18T21:57:18.793419Z,reachable-nodes-in-subdivided-graph,C:/Users/B/Desktop/Capstone/capstone/capstone/new_transpiled_solutions/918__reachable-nodes-in-subdivided-graph/cpp/reachable-nodes-in-subdivided-graph.cpp,cpp,Accepted,True,50,50,57 ms,62.5 MB,42.495099999999994,24.050600000000017,918,1805356260,SUCCESS
2025-10-18T21:57:35.092084Z,super-egg-drop,C:/Users/B/Desktop/Capstone/capstone/capstone/new_transpiled_solutions/923__super-egg-drop/cpp/super-egg-drop.cpp,cpp,Accepted,True,121,121,0 ms,7.8 MB,100,98.9971,923,1805356373,SUCCESS
2025-10-18T21:57:51.961607Z,sum-of-subsequence-widths,C:/Users/B/Desktop/Capstone/capstone/capstone/new_transpiled_solutions/927__sum-of-subsequence-widths/cpp/sum-of-subsequence-widths.cpp,cpp,Accepted,True,68,68,40 ms,57.7 MB,33.33319999999998,66.66659999999999,927,1805356466,SUCCESS
2025-10-18T21:58:08.424865Z,numbers-at-most-n-given-digit-set,C:/Users/B/Desktop/Capstone/capstone/capstone/new_transpiled_solutions/938__numbers-at-most-n-given-digit-set/cpp/numbers-at-most-n-given-digit-set.cpp,cpp,Accepted,True,84,84,0 ms,10.7 MB,100,27.419300000000007,938,1805356576,SUCCESS
2025-10-18T21:58:24.435418Z,valid-permutations-for-di-sequence,C:/Users/B/Desktop/Capstone/capstone/capstone/new_transpiled_solutions/939__valid-permutations-for-di-sequence/cpp/valid-permutations-for-di-sequence.cpp,cpp,Accepted,True,83,83,0 ms,9.5 MB,100,65.2173,939,1805356686,SUCCESS
2025-10-18T21:58:40.535951Z,super-palindromes,C:/Users/B/Desktop/Capstone/capstone/capstone/new_transpiled_solutions/942__super-palindromes/cpp/super-palindromes.cpp,cpp,Accepted,True,49,49,241 ms,43.9 MB,49.204999999999984,26.188999999999986,942,1805356806,SUCCESS
2025-10-18T21:58:56.712938Z,cat-and-mouse,C:/Users/B/Desktop/Capstone/capstone/capstone/new_transpiled_solutions/949__cat-and-mouse/cpp/cat-and-mouse.cpp,cpp,Accepted,True,92,92,19 ms,18.7 MB,96.2732,86.33490000000005,949,1805356915,SUCCESS
2025-10-18T21:59:13.642572Z,number-of-music-playlists,C:/Users/B/Desktop/Capstone/capstone/capstone/new_transpiled_solutions/956__number-of-music-playlists/cpp/number-of-music-playlists.cpp,cpp,Accepted,True,83,83,0 ms,8.8 MB,100,76.3828,956,1805357019,SUCCESS
2025-10-18T21:59:29.697962Z,three-equal-parts,C:/Users/B/Desktop/Capstone/capstone/capstone/new_transpiled_solutions/963__three-equal-parts/cpp/three-equal-parts.cpp,cpp,Accepted,True,121,121,0 ms,42.7 MB,100,52.5925,963,1805357135,SUCCESS
2025-10-18T21:59:47.004224Z,stamping-the-sequence,C:/Users/B/Desktop/Capstone/capstone/capstone/new_transpiled_solutions/973__stamping-the-sequence/cpp/stamping-the-sequence.cpp,cpp,Accepted,True,262,262,103 ms,49.5 MB,11.415899999999986,5.936499999999975,973,1805357247,SUCCESS
2025-10-18T22:00:04.344666Z,find-the-shortest-superstring,C:/Users/B/Desktop/Capstone/capstone/capstone/new_transpiled_solutions/980__find-the-shortest-superstring/cpp/find-the-shortest-superstring.cpp,cpp,Accepted,True,85,85,54 ms,23.5 MB,71.13419999999995,82.98999999999995,980,1805357338,SUCCESS
