slug,title,created_at,question_id,python_path,cpp_path_mirror,cpp_path_global
find-subarray-with-bitwise-or-closest-to-k,Find Subarray With Bitwise OR Closest to K,2024-06-02,3436,/Users/aadil/Aarz_GreenTranspilation/kamyu_hard_mirror/3171__find-subarray-with-bitwise-or-closest-to-k/python/find-subarray-with-bitwise-or-closest-to-k.py,/Users/aadil/Aarz_GreenTranspilation/kamyu_hard_mirror/3171__find-subarray-with-bitwise-or-closest-to-k/cpp_gpt/find-subarray-with-bitwise-or-closest-to-k.cpp,/Users/aadil/Aarz_GreenTranspilation/cpp_gpt_all/find-subarray-with-bitwise-or-closest-to-k/find-subarray-with-bitwise-or-closest-to-k.cpp
find-the-maximum-length-of-a-good-subsequence-ii,Find the Maximum Length of a Good Subsequence II,2024-06-08,3452,/Users/aadil/Aarz_GreenTranspilation/kamyu_hard_mirror/3177__find-the-maximum-length-of-a-good-subsequence-ii/python/find-the-maximum-length-of-a-good-subsequence-ii.py,/Users/aadil/Aarz_GreenTranspilation/kamyu_hard_mirror/3177__find-the-maximum-length-of-a-good-subsequence-ii/cpp_gpt/find-the-maximum-length-of-a-good-subsequence-ii.cpp,/Users/aadil/Aarz_GreenTranspilation/cpp_gpt_all/find-the-maximum-length-of-a-good-subsequence-ii/find-the-maximum-length-of-a-good-subsequence-ii.cpp
maximum-total-reward-using-operations-ii,Maximum Total Reward Using Operations II,2024-06-09,3443,/Users/aadil/Aarz_GreenTranspilation/kamyu_hard_mirror/3181__maximum-total-reward-using-operations-ii/python/maximum-total-reward-using-operations-ii.py,/Users/aadil/Aarz_GreenTranspilation/kamyu_hard_mirror/3181__maximum-total-reward-using-operations-ii/cpp_gpt/maximum-total-reward-using-operations-ii.cpp,/Users/aadil/Aarz_GreenTranspilation/cpp_gpt_all/maximum-total-reward-using-operations-ii/maximum-total-reward-using-operations-ii.cpp
peaks-in-array,Peaks in Array,2024-06-16,3438,/Users/aadil/Aarz_GreenTranspilation/kamyu_hard_mirror/3187__peaks-in-array/python/peaks-in-array.py,/Users/aadil/Aarz_GreenTranspilation/kamyu_hard_mirror/3187__peaks-in-array/cpp_gpt/peaks-in-array.cpp,/Users/aadil/Aarz_GreenTranspilation/cpp_gpt_all/peaks-in-array/peaks-in-array.cpp
count-the-number-of-inversions,Count the Number of Inversions,2024-06-22,3460,/Users/aadil/Aarz_GreenTranspilation/kamyu_hard_mirror/3193__count-the-number-of-inversions/python/count-the-number-of-inversions.py,/Users/aadil/Aarz_GreenTranspilation/kamyu_hard_mirror/3193__count-the-number-of-inversions/cpp_gpt/count-the-number-of-inversions.cpp,/Users/aadil/Aarz_GreenTranspilation/cpp_gpt_all/count-the-number-of-inversions/count-the-number-of-inversions.cpp
find-the-minimum-area-to-cover-all-ones-ii,Find the Minimum Area to Cover All Ones II,2024-06-23,3459,/Users/aadil/Aarz_GreenTranspilation/kamyu_hard_mirror/3197__find-the-minimum-area-to-cover-all-ones-ii/python/find-the-minimum-area-to-cover-all-ones-ii.py,/Users/aadil/Aarz_GreenTranspilation/kamyu_hard_mirror/3197__find-the-minimum-area-to-cover-all-ones-ii/cpp_gpt/find-the-minimum-area-to-cover-all-ones-ii.cpp,/Users/aadil/Aarz_GreenTranspilation/cpp_gpt_all/find-the-minimum-area-to-cover-all-ones-ii/find-the-minimum-area-to-cover-all-ones-ii.cpp
find-minimum-diameter-after-merging-two-trees,Find Minimum Diameter After Merging Two Trees,2024-06-30,3439,/Users/aadil/Aarz_GreenTranspilation/kamyu_hard_mirror/3203__find-minimum-diameter-after-merging-two-trees/python/find-minimum-diameter-after-merging-two-trees.py,/Users/aadil/Aarz_GreenTranspilation/kamyu_hard_mirror/3203__find-minimum-diameter-after-merging-two-trees/cpp_gpt/find-minimum-diameter-after-merging-two-trees.cpp,/Users/aadil/Aarz_GreenTranspilation/cpp_gpt_all/find-minimum-diameter-after-merging-two-trees/find-minimum-diameter-after-merging-two-trees.cpp
number-of-subarrays-with-and-value-of-k,Number of Subarrays With AND Value of K,2024-07-06,3466,/Users/aadil/Aarz_GreenTranspilation/kamyu_hard_mirror/3209__number-of-subarrays-with-and-value-of-k/python/number-of-subarrays-with-and-value-of-k.py,/Users/aadil/Aarz_GreenTranspilation/kamyu_hard_mirror/3209__number-of-subarrays-with-and-value-of-k/cpp_gpt/number-of-subarrays-with-and-value-of-k.cpp,/Users/aadil/Aarz_GreenTranspilation/cpp_gpt_all/number-of-subarrays-with-and-value-of-k/number-of-subarrays-with-and-value-of-k.cpp
maximum-score-from-grid-operations,Maximum Score From Grid Operations,2024-07-20,3470,/Users/aadil/Aarz_GreenTranspilation/kamyu_hard_mirror/3225__maximum-score-from-grid-operations/python/maximum-score-from-grid-operations.py,/Users/aadil/Aarz_GreenTranspilation/kamyu_hard_mirror/3225__maximum-score-from-grid-operations/cpp_gpt/maximum-score-from-grid-operations.cpp,/Users/aadil/Aarz_GreenTranspilation/cpp_gpt_all/maximum-score-from-grid-operations/maximum-score-from-grid-operations.cpp
time-taken-to-mark-all-nodes,Time Taken to Mark All Nodes,2024-08-03,3532,/Users/aadil/Aarz_GreenTranspilation/kamyu_hard_mirror/3241__time-taken-to-mark-all-nodes/python/time-taken-to-mark-all-nodes.py,/Users/aadil/Aarz_GreenTranspilation/kamyu_hard_mirror/3241__time-taken-to-mark-all-nodes/cpp_gpt/time-taken-to-mark-all-nodes.cpp,/Users/aadil/Aarz_GreenTranspilation/cpp_gpt_all/time-taken-to-mark-all-nodes/time-taken-to-mark-all-nodes.cpp
alternating-groups-iii,Alternating Groups III,2024-08-04,3527,/Users/aadil/Aarz_GreenTranspilation/kamyu_hard_mirror/3245__alternating-groups-iii/python/alternating-groups-iii.py,/Users/aadil/Aarz_GreenTranspilation/kamyu_hard_mirror/3245__alternating-groups-iii/cpp_gpt/alternating-groups-iii.cpp,/Users/aadil/Aarz_GreenTranspilation/cpp_gpt_all/alternating-groups-iii/alternating-groups-iii.cpp
find-the-count-of-monotonic-pairs-i,Find the Count of Monotonic Pairs I,2024-08-11,3535,/Users/aadil/Aarz_GreenTranspilation/kamyu_hard_mirror/3250__find-the-count-of-monotonic-pairs-i/python/find-the-count-of-monotonic-pairs-i.py,/Users/aadil/Aarz_GreenTranspilation/kamyu_hard_mirror/3250__find-the-count-of-monotonic-pairs-i/cpp_gpt/find-the-count-of-monotonic-pairs-i.cpp,/Users/aadil/Aarz_GreenTranspilation/cpp_gpt_all/find-the-count-of-monotonic-pairs-i/find-the-count-of-monotonic-pairs-i.cpp
find-the-count-of-monotonic-pairs-ii,Find the Count of Monotonic Pairs II,2024-08-11,3536,/Users/aadil/Aarz_GreenTranspilation/kamyu_hard_mirror/3251__find-the-count-of-monotonic-pairs-ii/python/find-the-count-of-monotonic-pairs-ii.py,/Users/aadil/Aarz_GreenTranspilation/kamyu_hard_mirror/3251__find-the-count-of-monotonic-pairs-ii/cpp_gpt/find-the-count-of-monotonic-pairs-ii.cpp,/Users/aadil/Aarz_GreenTranspilation/cpp_gpt_all/find-the-count-of-monotonic-pairs-ii/find-the-count-of-monotonic-pairs-ii.cpp
maximum-value-sum-by-placing-three-rooks-i,Maximum Value Sum by Placing Three Rooks I,2024-08-17,3550,/Users/aadil/Aarz_GreenTranspilation/kamyu_hard_mirror/3256__maximum-value-sum-by-placing-three-rooks-i/python/maximum-value-sum-by-placing-three-rooks-i.py,/Users/aadil/Aarz_GreenTranspilation/kamyu_hard_mirror/3256__maximum-value-sum-by-placing-three-rooks-i/cpp_gpt/maximum-value-sum-by-placing-three-rooks-i.cpp,/Users/aadil/Aarz_GreenTranspilation/cpp_gpt_all/maximum-value-sum-by-placing-three-rooks-i/maximum-value-sum-by-placing-three-rooks-i.cpp
maximum-value-sum-by-placing-three-rooks-ii,Maximum Value Sum by Placing Three Rooks II,2024-08-17,3542,/Users/aadil/Aarz_GreenTranspilation/kamyu_hard_mirror/3257__maximum-value-sum-by-placing-three-rooks-ii/python/maximum-value-sum-by-placing-three-rooks-ii.py,/Users/aadil/Aarz_GreenTranspilation/kamyu_hard_mirror/3257__maximum-value-sum-by-placing-three-rooks-ii/cpp_gpt/maximum-value-sum-by-placing-three-rooks-ii.cpp,/Users/aadil/Aarz_GreenTranspilation/cpp_gpt_all/maximum-value-sum-by-placing-three-rooks-ii/maximum-value-sum-by-placing-three-rooks-ii.cpp
count-substrings-that-satisfy-k-constraint-ii,Count Substrings That Satisfy K-Constraint II,2024-08-18,3546,/Users/aadil/Aarz_GreenTranspilation/kamyu_hard_mirror/3261__count-substrings-that-satisfy-k-constraint-ii/python/count-substrings-that-satisfy-k-constraint-ii.py,/Users/aadil/Aarz_GreenTranspilation/kamyu_hard_mirror/3261__count-substrings-that-satisfy-k-constraint-ii/cpp_gpt/count-substrings-that-satisfy-k-constraint-ii.cpp,/Users/aadil/Aarz_GreenTranspilation/cpp_gpt_all/count-substrings-that-satisfy-k-constraint-ii/count-substrings-that-satisfy-k-constraint-ii.cpp
final-array-state-after-k-multiplication-operations-ii,Final Array State After K Multiplication Operations II,2024-08-25,3556,/Users/aadil/Aarz_GreenTranspilation/kamyu_hard_mirror/3266__final-array-state-after-k-multiplication-operations-ii/python/final-array-state-after-k-multiplication-operations-ii.py,/Users/aadil/Aarz_GreenTranspilation/kamyu_hard_mirror/3266__final-array-state-after-k-multiplication-operations-ii/cpp_gpt/final-array-state-after-k-multiplication-operations-ii.cpp,/Users/aadil/Aarz_GreenTranspilation/cpp_gpt_all/final-array-state-after-k-multiplication-operations-ii/final-array-state-after-k-multiplication-operations-ii.cpp
find-the-count-of-good-integers,Find the Count of Good Integers,2024-08-31,3548,/Users/aadil/Aarz_GreenTranspilation/kamyu_hard_mirror/3272__find-the-count-of-good-integers/python/find-the-count-of-good-integers.py,/Users/aadil/Aarz_GreenTranspilation/kamyu_hard_mirror/3272__find-the-count-of-good-integers/cpp_gpt/find-the-count-of-good-integers.cpp,/Users/aadil/Aarz_GreenTranspilation/cpp_gpt_all/find-the-count-of-good-integers/find-the-count-of-good-integers.cpp
select-cells-in-grid-with-maximum-score,Select Cells in Grid With Maximum Score,2024-09-01,3563,/Users/aadil/Aarz_GreenTranspilation/kamyu_hard_mirror/3276__select-cells-in-grid-with-maximum-score/python/select-cells-in-grid-with-maximum-score.py,/Users/aadil/Aarz_GreenTranspilation/kamyu_hard_mirror/3276__select-cells-in-grid-with-maximum-score/cpp_gpt/select-cells-in-grid-with-maximum-score.cpp,/Users/aadil/Aarz_GreenTranspilation/cpp_gpt_all/select-cells-in-grid-with-maximum-score/select-cells-in-grid-with-maximum-score.cpp
maximum-xor-score-subarray-queries,Maximum XOR Score Subarray Queries,2024-09-01,3551,/Users/aadil/Aarz_GreenTranspilation/kamyu_hard_mirror/3277__maximum-xor-score-subarray-queries/python/maximum-xor-score-subarray-queries.py,/Users/aadil/Aarz_GreenTranspilation/kamyu_hard_mirror/3277__maximum-xor-score-subarray-queries/cpp_gpt/maximum-xor-score-subarray-queries.cpp,/Users/aadil/Aarz_GreenTranspilation/cpp_gpt_all/maximum-xor-score-subarray-queries/maximum-xor-score-subarray-queries.cpp
maximum-number-of-moves-to-kill-all-pawns,Maximum Number of Moves to Kill All Pawns,2024-09-08,3560,/Users/aadil/Aarz_GreenTranspilation/kamyu_hard_mirror/3283__maximum-number-of-moves-to-kill-all-pawns/python/maximum-number-of-moves-to-kill-all-pawns.py,/Users/aadil/Aarz_GreenTranspilation/kamyu_hard_mirror/3283__maximum-number-of-moves-to-kill-all-pawns/cpp_gpt/maximum-number-of-moves-to-kill-all-pawns.cpp,/Users/aadil/Aarz_GreenTranspilation/cpp_gpt_all/maximum-number-of-moves-to-kill-all-pawns/maximum-number-of-moves-to-kill-all-pawns.cpp
find-the-maximum-sequence-value-of-array,Find the Maximum Sequence Value of Array,2024-09-14,3575,/Users/aadil/Aarz_GreenTranspilation/kamyu_hard_mirror/3287__find-the-maximum-sequence-value-of-array/python/find-the-maximum-sequence-value-of-array.py,/Users/aadil/Aarz_GreenTranspilation/kamyu_hard_mirror/3287__find-the-maximum-sequence-value-of-array/cpp_gpt/find-the-maximum-sequence-value-of-array.cpp,/Users/aadil/Aarz_GreenTranspilation/cpp_gpt_all/find-the-maximum-sequence-value-of-array/find-the-maximum-sequence-value-of-array.cpp
length-of-the-longest-increasing-path,Length of the Longest Increasing Path,2024-09-14,3571,/Users/aadil/Aarz_GreenTranspilation/kamyu_hard_mirror/3288__length-of-the-longest-increasing-path/python/length-of-the-longest-increasing-path.py,/Users/aadil/Aarz_GreenTranspilation/kamyu_hard_mirror/3288__length-of-the-longest-increasing-path/cpp_gpt/length-of-the-longest-increasing-path.cpp,/Users/aadil/Aarz_GreenTranspilation/cpp_gpt_all/length-of-the-longest-increasing-path/length-of-the-longest-increasing-path.cpp
minimum-number-of-valid-strings-to-form-target-ii,Minimum Number of Valid Strings to Form Target II,2024-09-15,3557,/Users/aadil/Aarz_GreenTranspilation/kamyu_hard_mirror/3292__minimum-number-of-valid-strings-to-form-target-ii/python/minimum-number-of-valid-strings-to-form-target-ii.py,/Users/aadil/Aarz_GreenTranspilation/kamyu_hard_mirror/3292__minimum-number-of-valid-strings-to-form-target-ii/cpp_gpt/minimum-number-of-valid-strings-to-form-target-ii.cpp,/Users/aadil/Aarz_GreenTranspilation/cpp_gpt_all/minimum-number-of-valid-strings-to-form-target-ii/minimum-number-of-valid-strings-to-form-target-ii.cpp
count-substrings-that-can-be-rearranged-to-contain-a-string-ii,Count Substrings That Can Be Rearranged to Contain a String II,2024-09-22,3572,/Users/aadil/Aarz_GreenTranspilation/kamyu_hard_mirror/3298__count-substrings-that-can-be-rearranged-to-contain-a-string-ii/python/count-substrings-that-can-be-rearranged-to-contain-a-string-ii.py,/Users/aadil/Aarz_GreenTranspilation/kamyu_hard_mirror/3298__count-substrings-that-can-be-rearranged-to-contain-a-string-ii/cpp_gpt/count-substrings-that-can-be-rearranged-to-contain-a-string-ii.cpp,/Users/aadil/Aarz_GreenTranspilation/cpp_gpt_all/count-substrings-that-can-be-rearranged-to-contain-a-string-ii/count-substrings-that-can-be-rearranged-to-contain-a-string-ii.cpp
find-the-occurrence-of-first-almost-equal-substring,Find the Occurrence of First Almost Equal Substring,2024-09-28,3580,/Users/aadil/Aarz_GreenTranspilation/kamyu_hard_mirror/3303__find-the-occurrence-of-first-almost-equal-substring/python/find-the-occurrence-of-first-almost-equal-substring.py,/Users/aadil/Aarz_GreenTranspilation/kamyu_hard_mirror/3303__find-the-occurrence-of-first-almost-equal-substring/cpp_gpt/find-the-occurrence-of-first-almost-equal-substring.cpp,/Users/aadil/Aarz_GreenTranspilation/cpp_gpt_all/find-the-occurrence-of-first-almost-equal-substring/find-the-occurrence-of-first-almost-equal-substring.cpp
sorted-gcd-pair-queries,Sorted GCD Pair Queries,2024-10-06,3583,/Users/aadil/Aarz_GreenTranspilation/kamyu_hard_mirror/3312__sorted-gcd-pair-queries/python/sorted-gcd-pair-queries.py,/Users/aadil/Aarz_GreenTranspilation/kamyu_hard_mirror/3312__sorted-gcd-pair-queries/cpp_gpt/sorted-gcd-pair-queries.cpp,/Users/aadil/Aarz_GreenTranspilation/cpp_gpt_all/sorted-gcd-pair-queries/sorted-gcd-pair-queries.cpp
find-the-number-of-possible-ways-for-an-event,Find the Number of Possible Ways for an Event,2024-10-12,3604,/Users/aadil/Aarz_GreenTranspilation/kamyu_hard_mirror/3317__find-the-number-of-possible-ways-for-an-event/python/find-the-number-of-possible-ways-for-an-event.py,/Users/aadil/Aarz_GreenTranspilation/kamyu_hard_mirror/3317__find-the-number-of-possible-ways-for-an-event/cpp_gpt/find-the-number-of-possible-ways-for-an-event.cpp,/Users/aadil/Aarz_GreenTranspilation/cpp_gpt_all/find-the-number-of-possible-ways-for-an-event/find-the-number-of-possible-ways-for-an-event.cpp
count-the-number-of-winning-sequences,Count The Number of Winning Sequences,2024-10-13,3588,/Users/aadil/Aarz_GreenTranspilation/kamyu_hard_mirror/3320__count-the-number-of-winning-sequences/python/count-the-number-of-winning-sequences.py,/Users/aadil/Aarz_GreenTranspilation/kamyu_hard_mirror/3320__count-the-number-of-winning-sequences/cpp_gpt/count-the-number-of-winning-sequences.cpp,/Users/aadil/Aarz_GreenTranspilation/cpp_gpt_all/count-the-number-of-winning-sequences/count-the-number-of-winning-sequences.cpp
find-x-sum-of-all-k-long-subarrays-ii,Find X-Sum of All K-Long Subarrays II,2024-10-13,3592,/Users/aadil/Aarz_GreenTranspilation/kamyu_hard_mirror/3321__find-x-sum-of-all-k-long-subarrays-ii/python/find-x-sum-of-all-k-long-subarrays-ii.py,/Users/aadil/Aarz_GreenTranspilation/kamyu_hard_mirror/3321__find-x-sum-of-all-k-long-subarrays-ii/cpp_gpt/find-x-sum-of-all-k-long-subarrays-ii.cpp,/Users/aadil/Aarz_GreenTranspilation/cpp_gpt_all/find-x-sum-of-all-k-long-subarrays-ii/find-x-sum-of-all-k-long-subarrays-ii.cpp
check-if-dfs-strings-are-palindromes,Check if DFS Strings Are Palindromes,2024-10-20,3603,/Users/aadil/Aarz_GreenTranspilation/kamyu_hard_mirror/3327__check-if-dfs-strings-are-palindromes/python/check-if-dfs-strings-are-palindromes.py,/Users/aadil/Aarz_GreenTranspilation/kamyu_hard_mirror/3327__check-if-dfs-strings-are-palindromes/cpp_gpt/check-if-dfs-strings-are-palindromes.cpp,/Users/aadil/Aarz_GreenTranspilation/cpp_gpt_all/check-if-dfs-strings-are-palindromes/check-if-dfs-strings-are-palindromes.cpp
find-the-original-typed-string-ii,Find the Original Typed String II,2024-10-26,3618,/Users/aadil/Aarz_GreenTranspilation/kamyu_hard_mirror/3333__find-the-original-typed-string-ii/python/find-the-original-typed-string-ii.py,/Users/aadil/Aarz_GreenTranspilation/kamyu_hard_mirror/3333__find-the-original-typed-string-ii/cpp_gpt/find-the-original-typed-string-ii.cpp,/Users/aadil/Aarz_GreenTranspilation/cpp_gpt_all/find-the-original-typed-string-ii/find-the-original-typed-string-ii.cpp
find-the-number-of-subsequences-with-equal-gcd,Find the Number of Subsequences With Equal GCD,2024-10-27,3608,/Users/aadil/Aarz_GreenTranspilation/kamyu_hard_mirror/3336__find-the-number-of-subsequences-with-equal-gcd/python/find-the-number-of-subsequences-with-equal-gcd.py,/Users/aadil/Aarz_GreenTranspilation/kamyu_hard_mirror/3336__find-the-number-of-subsequences-with-equal-gcd/cpp_gpt/find-the-number-of-subsequences-with-equal-gcd.cpp,/Users/aadil/Aarz_GreenTranspilation/cpp_gpt_all/find-the-number-of-subsequences-with-equal-gcd/find-the-number-of-subsequences-with-equal-gcd.cpp
total-characters-in-string-after-transformations-ii,Total Characters in String After Transformations II,2024-10-27,3630,/Users/aadil/Aarz_GreenTranspilation/kamyu_hard_mirror/3337__total-characters-in-string-after-transformations-ii/python/total-characters-in-string-after-transformations-ii.py,/Users/aadil/Aarz_GreenTranspilation/kamyu_hard_mirror/3337__total-characters-in-string-after-transformations-ii/cpp_gpt/total-characters-in-string-after-transformations-ii.cpp,/Users/aadil/Aarz_GreenTranspilation/cpp_gpt_all/total-characters-in-string-after-transformations-ii/total-characters-in-string-after-transformations-ii.cpp
count-number-of-balanced-permutations,Count Number of Balanced Permutations,2024-11-03,3637,/Users/aadil/Aarz_GreenTranspilation/kamyu_hard_mirror/3343__count-number-of-balanced-permutations/python/count-number-of-balanced-permutations.py,/Users/aadil/Aarz_GreenTranspilation/kamyu_hard_mirror/3343__count-number-of-balanced-permutations/cpp_gpt/count-number-of-balanced-permutations.cpp,/Users/aadil/Aarz_GreenTranspilation/cpp_gpt_all/count-number-of-balanced-permutations/count-number-of-balanced-permutations.cpp
maximum-frequency-of-an-element-after-performing-operations-ii,Maximum Frequency of an Element After Performing Operations II,2024-11-09,3640,/Users/aadil/Aarz_GreenTranspilation/kamyu_hard_mirror/3347__maximum-frequency-of-an-element-after-performing-operations-ii/python/maximum-frequency-of-an-element-after-performing-operations-ii.py,/Users/aadil/Aarz_GreenTranspilation/kamyu_hard_mirror/3347__maximum-frequency-of-an-element-after-performing-operations-ii/cpp_gpt/maximum-frequency-of-an-element-after-performing-operations-ii.cpp,/Users/aadil/Aarz_GreenTranspilation/cpp_gpt_all/maximum-frequency-of-an-element-after-performing-operations-ii/maximum-frequency-of-an-element-after-performing-operations-ii.cpp
smallest-divisible-digit-product-ii,Smallest Divisible Digit Product II,2024-11-09,3635,/Users/aadil/Aarz_GreenTranspilation/kamyu_hard_mirror/3348__smallest-divisible-digit-product-ii/python/smallest-divisible-digit-product-ii.py,/Users/aadil/Aarz_GreenTranspilation/kamyu_hard_mirror/3348__smallest-divisible-digit-product-ii/cpp_gpt/smallest-divisible-digit-product-ii.cpp,/Users/aadil/Aarz_GreenTranspilation/cpp_gpt_all/smallest-divisible-digit-product-ii/smallest-divisible-digit-product-ii.cpp
count-k-reducible-numbers-less-than-n,Count K-Reducible Numbers Less Than N,2024-11-10,3631,/Users/aadil/Aarz_GreenTranspilation/kamyu_hard_mirror/3352__count-k-reducible-numbers-less-than-n/python/count-k-reducible-numbers-less-than-n.py,/Users/aadil/Aarz_GreenTranspilation/kamyu_hard_mirror/3352__count-k-reducible-numbers-less-than-n/cpp_gpt/count-k-reducible-numbers-less-than-n.cpp,/Users/aadil/Aarz_GreenTranspilation/cpp_gpt_all/count-k-reducible-numbers-less-than-n/count-k-reducible-numbers-less-than-n.cpp
find-the-maximum-number-of-fruits-collected,Find the Maximum Number of Fruits Collected,2024-11-23,3648,/Users/aadil/Aarz_GreenTranspilation/kamyu_hard_mirror/3363__find-the-maximum-number-of-fruits-collected/python/find-the-maximum-number-of-fruits-collected.py,/Users/aadil/Aarz_GreenTranspilation/kamyu_hard_mirror/3363__find-the-maximum-number-of-fruits-collected/cpp_gpt/find-the-maximum-number-of-fruits-collected.cpp,/Users/aadil/Aarz_GreenTranspilation/cpp_gpt_all/find-the-maximum-number-of-fruits-collected/find-the-maximum-number-of-fruits-collected.cpp
maximize-sum-of-weights-after-edge-removals,Maximize Sum of Weights after Edge Removals,2024-11-24,3675,/Users/aadil/Aarz_GreenTranspilation/kamyu_hard_mirror/3367__maximize-sum-of-weights-after-edge-removals/python/maximize-sum-of-weights-after-edge-removals.py,/Users/aadil/Aarz_GreenTranspilation/kamyu_hard_mirror/3367__maximize-sum-of-weights-after-edge-removals/cpp_gpt/maximize-sum-of-weights-after-edge-removals.cpp,/Users/aadil/Aarz_GreenTranspilation/cpp_gpt_all/maximize-sum-of-weights-after-edge-removals/maximize-sum-of-weights-after-edge-removals.cpp
maximize-the-number-of-target-nodes-after-connecting-trees-ii,Maximize the Number of Target Nodes After Connecting Trees II,2024-12-01,3645,/Users/aadil/Aarz_GreenTranspilation/kamyu_hard_mirror/3373__maximize-the-number-of-target-nodes-after-connecting-trees-ii/python/maximize-the-number-of-target-nodes-after-connecting-trees-ii.py,/Users/aadil/Aarz_GreenTranspilation/kamyu_hard_mirror/3373__maximize-the-number-of-target-nodes-after-connecting-trees-ii/cpp_gpt/maximize-the-number-of-target-nodes-after-connecting-trees-ii.cpp,/Users/aadil/Aarz_GreenTranspilation/cpp_gpt_all/maximize-the-number-of-target-nodes-after-connecting-trees-ii/maximize-the-number-of-target-nodes-after-connecting-trees-ii.cpp
count-connected-components-in-lcm-graph,Count Connected Components in LCM Graph,2024-12-07,3680,/Users/aadil/Aarz_GreenTranspilation/kamyu_hard_mirror/3378__count-connected-components-in-lcm-graph/python/count-connected-components-in-lcm-graph.py,/Users/aadil/Aarz_GreenTranspilation/kamyu_hard_mirror/3378__count-connected-components-in-lcm-graph/cpp_gpt/count-connected-components-in-lcm-graph.cpp,/Users/aadil/Aarz_GreenTranspilation/cpp_gpt_all/count-connected-components-in-lcm-graph/count-connected-components-in-lcm-graph.cpp
maximum-area-rectangle-with-point-constraints-ii,Maximum Area Rectangle With Point Constraints II,2024-12-08,3689,/Users/aadil/Aarz_GreenTranspilation/kamyu_hard_mirror/3382__maximum-area-rectangle-with-point-constraints-ii/python/maximum-area-rectangle-with-point-constraints-ii.py,/Users/aadil/Aarz_GreenTranspilation/kamyu_hard_mirror/3382__maximum-area-rectangle-with-point-constraints-ii/cpp_gpt/maximum-area-rectangle-with-point-constraints-ii.cpp,/Users/aadil/Aarz_GreenTranspilation/cpp_gpt_all/maximum-area-rectangle-with-point-constraints-ii/maximum-area-rectangle-with-point-constraints-ii.cpp
minimum-operations-to-make-character-frequencies-equal,Minimum Operations to Make Character Frequencies Equal,2024-12-15,3638,/Users/aadil/Aarz_GreenTranspilation/kamyu_hard_mirror/3389__minimum-operations-to-make-character-frequencies-equal/python/minimum-operations-to-make-character-frequencies-equal.py,/Users/aadil/Aarz_GreenTranspilation/kamyu_hard_mirror/3389__minimum-operations-to-make-character-frequencies-equal/cpp_gpt/minimum-operations-to-make-character-frequencies-equal.cpp,/Users/aadil/Aarz_GreenTranspilation/cpp_gpt_all/minimum-operations-to-make-character-frequencies-equal/minimum-operations-to-make-character-frequencies-equal.cpp
subsequences-with-a-unique-middle-mode-i,Subsequences with a Unique Middle Mode I,2024-12-21,3700,/Users/aadil/Aarz_GreenTranspilation/kamyu_hard_mirror/3395__subsequences-with-a-unique-middle-mode-i/python/subsequences-with-a-unique-middle-mode-i.py,/Users/aadil/Aarz_GreenTranspilation/kamyu_hard_mirror/3395__subsequences-with-a-unique-middle-mode-i/cpp_gpt/subsequences-with-a-unique-middle-mode-i.cpp,/Users/aadil/Aarz_GreenTranspilation/cpp_gpt_all/subsequences-with-a-unique-middle-mode-i/subsequences-with-a-unique-middle-mode-i.cpp
smallest-substring-with-identical-characters-i,Smallest Substring With Identical Characters I,2024-12-22,3690,/Users/aadil/Aarz_GreenTranspilation/kamyu_hard_mirror/3398__smallest-substring-with-identical-characters-i/python/smallest-substring-with-identical-characters-i.py,/Users/aadil/Aarz_GreenTranspilation/kamyu_hard_mirror/3398__smallest-substring-with-identical-characters-i/cpp_gpt/smallest-substring-with-identical-characters-i.cpp,/Users/aadil/Aarz_GreenTranspilation/cpp_gpt_all/smallest-substring-with-identical-characters-i/smallest-substring-with-identical-characters-i.cpp
smallest-substring-with-identical-characters-ii,Smallest Substring With Identical Characters II,2024-12-22,3706,/Users/aadil/Aarz_GreenTranspilation/kamyu_hard_mirror/3399__smallest-substring-with-identical-characters-ii/python/smallest-substring-with-identical-characters-ii.py,/Users/aadil/Aarz_GreenTranspilation/kamyu_hard_mirror/3399__smallest-substring-with-identical-characters-ii/cpp_gpt/smallest-substring-with-identical-characters-ii.cpp,/Users/aadil/Aarz_GreenTranspilation/cpp_gpt_all/smallest-substring-with-identical-characters-ii/smallest-substring-with-identical-characters-ii.cpp
count-the-number-of-arrays-with-k-matching-adjacent-elements,Count the Number of Arrays with K Matching Adjacent Elements,2024-12-29,3682,/Users/aadil/Aarz_GreenTranspilation/kamyu_hard_mirror/3405__count-the-number-of-arrays-with-k-matching-adjacent-elements/python/count-the-number-of-arrays-with-k-matching-adjacent-elements.py,/Users/aadil/Aarz_GreenTranspilation/kamyu_hard_mirror/3405__count-the-number-of-arrays-with-k-matching-adjacent-elements/cpp_gpt/count-the-number-of-arrays-with-k-matching-adjacent-elements.cpp,/Users/aadil/Aarz_GreenTranspilation/cpp_gpt_all/count-the-number-of-arrays-with-k-matching-adjacent-elements/count-the-number-of-arrays-with-k-matching-adjacent-elements.cpp
maximize-subarray-sum-after-removing-all-occurrences-of-one-element,Maximize Subarray Sum After Removing All Occurrences of One Element,2025-01-04,3688,/Users/aadil/Aarz_GreenTranspilation/kamyu_hard_mirror/3410__maximize-subarray-sum-after-removing-all-occurrences-of-one-element/python/maximize-subarray-sum-after-removing-all-occurrences-of-one-element.py,/Users/aadil/Aarz_GreenTranspilation/kamyu_hard_mirror/3410__maximize-subarray-sum-after-removing-all-occurrences-of-one-element/cpp_gpt/maximize-subarray-sum-after-removing-all-occurrences-of-one-element.cpp,/Users/aadil/Aarz_GreenTranspilation/cpp_gpt_all/maximize-subarray-sum-after-removing-all-occurrences-of-one-element/maximize-subarray-sum-after-removing-all-occurrences-of-one-element.cpp
count-non-decreasing-subarrays-after-k-operations,Count Non-Decreasing Subarrays After K Operations,2025-01-12,3674,/Users/aadil/Aarz_GreenTranspilation/kamyu_hard_mirror/3420__count-non-decreasing-subarrays-after-k-operations/python/count-non-decreasing-subarrays-after-k-operations.py,/Users/aadil/Aarz_GreenTranspilation/kamyu_hard_mirror/3420__count-non-decreasing-subarrays-after-k-operations/cpp_gpt/count-non-decreasing-subarrays-after-k-operations.cpp,/Users/aadil/Aarz_GreenTranspilation/cpp_gpt_all/count-non-decreasing-subarrays-after-k-operations/count-non-decreasing-subarrays-after-k-operations.cpp
longest-special-path,Longest Special Path,2025-01-18,3687,/Users/aadil/Aarz_GreenTranspilation/kamyu_hard_mirror/3425__longest-special-path/python/longest-special-path.py,/Users/aadil/Aarz_GreenTranspilation/kamyu_hard_mirror/3425__longest-special-path/cpp_gpt/longest-special-path.cpp,/Users/aadil/Aarz_GreenTranspilation/cpp_gpt_all/longest-special-path/longest-special-path.cpp
manhattan-distances-of-all-arrangements-of-pieces,Manhattan Distances of All Arrangements of Pieces,2025-01-18,3739,/Users/aadil/Aarz_GreenTranspilation/kamyu_hard_mirror/3426__manhattan-distances-of-all-arrangements-of-pieces/python/manhattan-distances-of-all-arrangements-of-pieces.py,/Users/aadil/Aarz_GreenTranspilation/kamyu_hard_mirror/3426__manhattan-distances-of-all-arrangements-of-pieces/cpp_gpt/manhattan-distances-of-all-arrangements-of-pieces.cpp,/Users/aadil/Aarz_GreenTranspilation/cpp_gpt_all/manhattan-distances-of-all-arrangements-of-pieces/manhattan-distances-of-all-arrangements-of-pieces.cpp
frequencies-of-shortest-supersequences,Frequencies of Shortest Supersequences,2025-01-26,3713,/Users/aadil/Aarz_GreenTranspilation/kamyu_hard_mirror/3435__frequencies-of-shortest-supersequences/python/frequencies-of-shortest-supersequences.py,/Users/aadil/Aarz_GreenTranspilation/kamyu_hard_mirror/3435__frequencies-of-shortest-supersequences/cpp_gpt/frequencies-of-shortest-supersequences.cpp,/Users/aadil/Aarz_GreenTranspilation/cpp_gpt_all/frequencies-of-shortest-supersequences/frequencies-of-shortest-supersequences.cpp
minimum-cost-good-caption,Minimum Cost Good Caption,2025-02-01,3701,/Users/aadil/Aarz_GreenTranspilation/kamyu_hard_mirror/3441__minimum-cost-good-caption/python/minimum-cost-good-caption.py,/Users/aadil/Aarz_GreenTranspilation/kamyu_hard_mirror/3441__minimum-cost-good-caption/cpp_gpt/minimum-cost-good-caption.cpp,/Users/aadil/Aarz_GreenTranspilation/cpp_gpt_all/minimum-cost-good-caption/minimum-cost-good-caption.cpp
minimum-increments-for-target-multiples-in-an-array,Minimum Increments for Target Multiples in an Array,2025-02-02,3697,/Users/aadil/Aarz_GreenTranspilation/kamyu_hard_mirror/3444__minimum-increments-for-target-multiples-in-an-array/python/minimum-increments-for-target-multiples-in-an-array.py,/Users/aadil/Aarz_GreenTranspilation/kamyu_hard_mirror/3444__minimum-increments-for-target-multiples-in-an-array/cpp_gpt/minimum-increments-for-target-multiples-in-an-array.cpp,/Users/aadil/Aarz_GreenTranspilation/cpp_gpt_all/minimum-increments-for-target-multiples-in-an-array/minimum-increments-for-target-multiples-in-an-array.cpp
maximum-difference-between-even-and-odd-frequency-ii,Maximum Difference Between Even and Odd Frequency II,2025-02-02,3761,/Users/aadil/Aarz_GreenTranspilation/kamyu_hard_mirror/3445__maximum-difference-between-even-and-odd-frequency-ii/python/maximum-difference-between-even-and-odd-frequency-ii.py,/Users/aadil/Aarz_GreenTranspilation/kamyu_hard_mirror/3445__maximum-difference-between-even-and-odd-frequency-ii/cpp_gpt/maximum-difference-between-even-and-odd-frequency-ii.cpp,/Users/aadil/Aarz_GreenTranspilation/cpp_gpt_all/maximum-difference-between-even-and-odd-frequency-ii/maximum-difference-between-even-and-odd-frequency-ii.cpp
count-substrings-divisible-by-last-digit,Count Substrings Divisible By Last Digit,2025-02-09,3696,/Users/aadil/Aarz_GreenTranspilation/kamyu_hard_mirror/3448__count-substrings-divisible-by-last-digit/python/count-substrings-divisible-by-last-digit.py,/Users/aadil/Aarz_GreenTranspilation/kamyu_hard_mirror/3448__count-substrings-divisible-by-last-digit/cpp_gpt/count-substrings-divisible-by-last-digit.cpp,/Users/aadil/Aarz_GreenTranspilation/cpp_gpt_all/count-substrings-divisible-by-last-digit/count-substrings-divisible-by-last-digit.cpp
separate-squares-ii,Separate Squares II,2025-02-15,3775,/Users/aadil/Aarz_GreenTranspilation/kamyu_hard_mirror/3454__separate-squares-ii/python/separate-squares-ii.py,/Users/aadil/Aarz_GreenTranspilation/kamyu_hard_mirror/3454__separate-squares-ii/cpp_gpt/separate-squares-ii.cpp,/Users/aadil/Aarz_GreenTranspilation/cpp_gpt_all/separate-squares-ii/separate-squares-ii.cpp
length-of-longest-v-shaped-diagonal-segment,Length of Longest V-Shaped Diagonal Segment,2025-02-16,3733,/Users/aadil/Aarz_GreenTranspilation/kamyu_hard_mirror/3459__length-of-longest-v-shaped-diagonal-segment/python/length-of-longest-v-shaped-diagonal-segment.py,/Users/aadil/Aarz_GreenTranspilation/kamyu_hard_mirror/3459__length-of-longest-v-shaped-diagonal-segment/cpp_gpt/length-of-longest-v-shaped-diagonal-segment.cpp,/Users/aadil/Aarz_GreenTranspilation/cpp_gpt_all/length-of-longest-v-shaped-diagonal-segment/length-of-longest-v-shaped-diagonal-segment.cpp
check-if-digits-are-equal-in-string-after-operations-ii,Check If Digits Are Equal in String After Operations II,2025-02-23,3774,/Users/aadil/Aarz_GreenTranspilation/kamyu_hard_mirror/3463__check-if-digits-are-equal-in-string-after-operations-ii/python/check-if-digits-are-equal-in-string-after-operations-ii.py,/Users/aadil/Aarz_GreenTranspilation/kamyu_hard_mirror/3463__check-if-digits-are-equal-in-string-after-operations-ii/cpp_gpt/check-if-digits-are-equal-in-string-after-operations-ii.cpp,/Users/aadil/Aarz_GreenTranspilation/cpp_gpt_all/check-if-digits-are-equal-in-string-after-operations-ii/check-if-digits-are-equal-in-string-after-operations-ii.cpp
maximize-the-distance-between-points-on-a-square,Maximize the Distance Between Points on a Square,2025-02-23,3781,/Users/aadil/Aarz_GreenTranspilation/kamyu_hard_mirror/3464__maximize-the-distance-between-points-on-a-square/python/maximize-the-distance-between-points-on-a-square.py,/Users/aadil/Aarz_GreenTranspilation/kamyu_hard_mirror/3464__maximize-the-distance-between-points-on-a-square/cpp_gpt/maximize-the-distance-between-points-on-a-square.cpp,/Users/aadil/Aarz_GreenTranspilation/cpp_gpt_all/maximize-the-distance-between-points-on-a-square/maximize-the-distance-between-points-on-a-square.cpp
permutations-iv,Permutations IV,2025-03-01,3783,/Users/aadil/Aarz_GreenTranspilation/kamyu_hard_mirror/3470__permutations-iv/python/permutations-iv.py,/Users/aadil/Aarz_GreenTranspilation/kamyu_hard_mirror/3470__permutations-iv/cpp_gpt/permutations-iv.cpp,/Users/aadil/Aarz_GreenTranspilation/cpp_gpt_all/permutations-iv/permutations-iv.cpp
lexicographically-smallest-generated-string,Lexicographically Smallest Generated String,2025-03-02,3770,/Users/aadil/Aarz_GreenTranspilation/kamyu_hard_mirror/3474__lexicographically-smallest-generated-string/python/lexicographically-smallest-generated-string.py,/Users/aadil/Aarz_GreenTranspilation/kamyu_hard_mirror/3474__lexicographically-smallest-generated-string/cpp_gpt/lexicographically-smallest-generated-string.cpp,/Users/aadil/Aarz_GreenTranspilation/cpp_gpt_all/lexicographically-smallest-generated-string/lexicographically-smallest-generated-string.cpp
maximize-subarrays-after-removing-one-conflicting-pair,Maximize Subarrays After Removing One Conflicting Pair,2025-03-09,3789,/Users/aadil/Aarz_GreenTranspilation/kamyu_hard_mirror/3480__maximize-subarrays-after-removing-one-conflicting-pair/python/maximize-subarrays-after-removing-one-conflicting-pair.py,/Users/aadil/Aarz_GreenTranspilation/kamyu_hard_mirror/3480__maximize-subarrays-after-removing-one-conflicting-pair/cpp_gpt/maximize-subarrays-after-removing-one-conflicting-pair.cpp,/Users/aadil/Aarz_GreenTranspilation/cpp_gpt_all/maximize-subarrays-after-removing-one-conflicting-pair/maximize-subarrays-after-removing-one-conflicting-pair.cpp
longest-common-prefix-of-k-strings-after-removal,Longest Common Prefix of K Strings After Removal,2025-03-15,3784,/Users/aadil/Aarz_GreenTranspilation/kamyu_hard_mirror/3485__longest-common-prefix-of-k-strings-after-removal/python/longest-common-prefix-of-k-strings-after-removal.py,/Users/aadil/Aarz_GreenTranspilation/kamyu_hard_mirror/3485__longest-common-prefix-of-k-strings-after-removal/cpp_gpt/longest-common-prefix-of-k-strings-after-removal.cpp,/Users/aadil/Aarz_GreenTranspilation/cpp_gpt_all/longest-common-prefix-of-k-strings-after-removal/longest-common-prefix-of-k-strings-after-removal.cpp
longest-special-path-ii,Longest Special Path II,2025-03-15,3798,/Users/aadil/Aarz_GreenTranspilation/kamyu_hard_mirror/3486__longest-special-path-ii/python/longest-special-path-ii.py,/Users/aadil/Aarz_GreenTranspilation/kamyu_hard_mirror/3486__longest-special-path-ii/cpp_gpt/longest-special-path-ii.cpp,/Users/aadil/Aarz_GreenTranspilation/cpp_gpt_all/longest-special-path-ii/longest-special-path-ii.cpp
count-beautiful-numbers,Count Beautiful Numbers,2025-03-16,3801,/Users/aadil/Aarz_GreenTranspilation/kamyu_hard_mirror/3490__count-beautiful-numbers/python/count-beautiful-numbers.py,/Users/aadil/Aarz_GreenTranspilation/kamyu_hard_mirror/3490__count-beautiful-numbers/cpp_gpt/count-beautiful-numbers.cpp,/Users/aadil/Aarz_GreenTranspilation/cpp_gpt_all/count-beautiful-numbers/count-beautiful-numbers.cpp
minimum-operations-to-make-array-elements-zero,Minimum Operations to Make Array Elements Zero,2025-03-23,3744,/Users/aadil/Aarz_GreenTranspilation/kamyu_hard_mirror/3495__minimum-operations-to-make-array-elements-zero/python/minimum-operations-to-make-array-elements-zero.py,/Users/aadil/Aarz_GreenTranspilation/kamyu_hard_mirror/3495__minimum-operations-to-make-array-elements-zero/cpp_gpt/minimum-operations-to-make-array-elements-zero.cpp,/Users/aadil/Aarz_GreenTranspilation/cpp_gpt_all/minimum-operations-to-make-array-elements-zero/minimum-operations-to-make-array-elements-zero.cpp
minimum-cost-to-divide-array-into-subarrays,Minimum Cost to Divide Array Into Subarrays,2025-03-29,3765,/Users/aadil/Aarz_GreenTranspilation/kamyu_hard_mirror/3500__minimum-cost-to-divide-array-into-subarrays/python/minimum-cost-to-divide-array-into-subarrays.py,/Users/aadil/Aarz_GreenTranspilation/kamyu_hard_mirror/3500__minimum-cost-to-divide-array-into-subarrays/cpp_gpt/minimum-cost-to-divide-array-into-subarrays.cpp,/Users/aadil/Aarz_GreenTranspilation/cpp_gpt_all/minimum-cost-to-divide-array-into-subarrays/minimum-cost-to-divide-array-into-subarrays.cpp
maximize-active-section-with-trade-ii,Maximize Active Section with Trade II,2025-03-29,3804,/Users/aadil/Aarz_GreenTranspilation/kamyu_hard_mirror/3501__maximize-active-section-with-trade-ii/python/maximize-active-section-with-trade-ii.py,/Users/aadil/Aarz_GreenTranspilation/kamyu_hard_mirror/3501__maximize-active-section-with-trade-ii/cpp_gpt/maximize-active-section-with-trade-ii.cpp,/Users/aadil/Aarz_GreenTranspilation/cpp_gpt_all/maximize-active-section-with-trade-ii/maximize-active-section-with-trade-ii.cpp
longest-palindrome-after-substring-concatenation-ii,Longest Palindrome After Substring Concatenation II,2025-03-30,3808,/Users/aadil/Aarz_GreenTranspilation/kamyu_hard_mirror/3504__longest-palindrome-after-substring-concatenation-ii/python/longest-palindrome-after-substring-concatenation-ii.py,/Users/aadil/Aarz_GreenTranspilation/kamyu_hard_mirror/3504__longest-palindrome-after-substring-concatenation-ii/cpp_gpt/longest-palindrome-after-substring-concatenation-ii.cpp,/Users/aadil/Aarz_GreenTranspilation/cpp_gpt_all/longest-palindrome-after-substring-concatenation-ii/longest-palindrome-after-substring-concatenation-ii.cpp
minimum-operations-to-make-elements-within-k-subarrays-equal,Minimum Operations to Make Elements Within K Subarrays Equal,2025-03-30,3717,/Users/aadil/Aarz_GreenTranspilation/kamyu_hard_mirror/3505__minimum-operations-to-make-elements-within-k-subarrays-equal/python/minimum-operations-to-make-elements-within-k-subarrays-equal.py,/Users/aadil/Aarz_GreenTranspilation/kamyu_hard_mirror/3505__minimum-operations-to-make-elements-within-k-subarrays-equal/cpp_gpt/minimum-operations-to-make-elements-within-k-subarrays-equal.cpp,/Users/aadil/Aarz_GreenTranspilation/cpp_gpt_all/minimum-operations-to-make-elements-within-k-subarrays-equal/minimum-operations-to-make-elements-within-k-subarrays-equal.cpp
maximum-product-of-subsequences-with-an-alternating-sum-equal-to-k,Maximum Product of Subsequences With an Alternating Sum Equal to K,2025-04-06,3777,/Users/aadil/Aarz_GreenTranspilation/kamyu_hard_mirror/3509__maximum-product-of-subsequences-with-an-alternating-sum-equal-to-k/python/maximum-product-of-subsequences-with-an-alternating-sum-equal-to-k.py,/Users/aadil/Aarz_GreenTranspilation/kamyu_hard_mirror/3509__maximum-product-of-subsequences-with-an-alternating-sum-equal-to-k/cpp_gpt/maximum-product-of-subsequences-with-an-alternating-sum-equal-to-k.cpp,/Users/aadil/Aarz_GreenTranspilation/cpp_gpt_all/maximum-product-of-subsequences-with-an-alternating-sum-equal-to-k/maximum-product-of-subsequences-with-an-alternating-sum-equal-to-k.cpp
minimum-pair-removal-to-sort-array-ii,Minimum Pair Removal to Sort Array II,2025-04-06,3772,/Users/aadil/Aarz_GreenTranspilation/kamyu_hard_mirror/3510__minimum-pair-removal-to-sort-array-ii/python/minimum-pair-removal-to-sort-array-ii.py,/Users/aadil/Aarz_GreenTranspilation/kamyu_hard_mirror/3510__minimum-pair-removal-to-sort-array-ii/cpp_gpt/minimum-pair-removal-to-sort-array-ii.cpp,/Users/aadil/Aarz_GreenTranspilation/cpp_gpt_all/minimum-pair-removal-to-sort-array-ii/minimum-pair-removal-to-sort-array-ii.cpp
shortest-path-in-a-weighted-tree,Shortest Path in a Weighted Tree,2025-04-12,3829,/Users/aadil/Aarz_GreenTranspilation/kamyu_hard_mirror/3515__shortest-path-in-a-weighted-tree/python/shortest-path-in-a-weighted-tree.py,/Users/aadil/Aarz_GreenTranspilation/kamyu_hard_mirror/3515__shortest-path-in-a-weighted-tree/cpp_gpt/shortest-path-in-a-weighted-tree.cpp,/Users/aadil/Aarz_GreenTranspilation/cpp_gpt_all/shortest-path-in-a-weighted-tree/shortest-path-in-a-weighted-tree.cpp
smallest-palindromic-rearrangement-ii,Smallest Palindromic Rearrangement II,2025-04-13,3813,/Users/aadil/Aarz_GreenTranspilation/kamyu_hard_mirror/3518__smallest-palindromic-rearrangement-ii/python/smallest-palindromic-rearrangement-ii.py,/Users/aadil/Aarz_GreenTranspilation/kamyu_hard_mirror/3518__smallest-palindromic-rearrangement-ii/cpp_gpt/smallest-palindromic-rearrangement-ii.cpp,/Users/aadil/Aarz_GreenTranspilation/cpp_gpt_all/smallest-palindromic-rearrangement-ii/smallest-palindromic-rearrangement-ii.cpp
count-numbers-with-non-decreasing-digits,Count Numbers with Non-Decreasing Digits,2025-04-13,3810,/Users/aadil/Aarz_GreenTranspilation/kamyu_hard_mirror/3519__count-numbers-with-non-decreasing-digits/python/count-numbers-with-non-decreasing-digits.py,/Users/aadil/Aarz_GreenTranspilation/kamyu_hard_mirror/3519__count-numbers-with-non-decreasing-digits/cpp_gpt/count-numbers-with-non-decreasing-digits.cpp,/Users/aadil/Aarz_GreenTranspilation/cpp_gpt_all/count-numbers-with-non-decreasing-digits/count-numbers-with-non-decreasing-digits.cpp
find-x-value-of-array-ii,Find X Value of Array II,2025-04-20,3840,/Users/aadil/Aarz_GreenTranspilation/kamyu_hard_mirror/3525__find-x-value-of-array-ii/python/find-x-value-of-array-ii.py,/Users/aadil/Aarz_GreenTranspilation/kamyu_hard_mirror/3525__find-x-value-of-array-ii/cpp_gpt/find-x-value-of-array-ii.cpp,/Users/aadil/Aarz_GreenTranspilation/cpp_gpt_all/find-x-value-of-array-ii/find-x-value-of-array-ii.cpp
maximum-profit-from-valid-topological-order-in-dag,Maximum Profit from Valid Topological Order in DAG,2025-04-26,3826,/Users/aadil/Aarz_GreenTranspilation/kamyu_hard_mirror/3530__maximum-profit-from-valid-topological-order-in-dag/python/maximum-profit-from-valid-topological-order-in-dag.py,/Users/aadil/Aarz_GreenTranspilation/kamyu_hard_mirror/3530__maximum-profit-from-valid-topological-order-in-dag/cpp_gpt/maximum-profit-from-valid-topological-order-in-dag.cpp,/Users/aadil/Aarz_GreenTranspilation/cpp_gpt_all/maximum-profit-from-valid-topological-order-in-dag/maximum-profit-from-valid-topological-order-in-dag.cpp
concatenated-divisibility,Concatenated Divisibility,2025-04-27,3841,/Users/aadil/Aarz_GreenTranspilation/kamyu_hard_mirror/3533__concatenated-divisibility/python/concatenated-divisibility.py,/Users/aadil/Aarz_GreenTranspilation/kamyu_hard_mirror/3533__concatenated-divisibility/cpp_gpt/concatenated-divisibility.cpp,/Users/aadil/Aarz_GreenTranspilation/cpp_gpt_all/concatenated-divisibility/concatenated-divisibility.cpp
path-existence-queries-in-a-graph-ii,Path Existence Queries in a Graph II,2025-04-27,3852,/Users/aadil/Aarz_GreenTranspilation/kamyu_hard_mirror/3534__path-existence-queries-in-a-graph-ii/python/path-existence-queries-in-a-graph-ii.py,/Users/aadil/Aarz_GreenTranspilation/kamyu_hard_mirror/3534__path-existence-queries-in-a-graph-ii/cpp_gpt/path-existence-queries-in-a-graph-ii.cpp,/Users/aadil/Aarz_GreenTranspilation/cpp_gpt_all/path-existence-queries-in-a-graph-ii/path-existence-queries-in-a-graph-ii.cpp
merge-operations-for-minimum-travel-time,Merge Operations for Minimum Travel Time,2025-05-04,3833,/Users/aadil/Aarz_GreenTranspilation/kamyu_hard_mirror/3538__merge-operations-for-minimum-travel-time/python/merge-operations-for-minimum-travel-time.py,/Users/aadil/Aarz_GreenTranspilation/kamyu_hard_mirror/3538__merge-operations-for-minimum-travel-time/cpp_gpt/merge-operations-for-minimum-travel-time.cpp,/Users/aadil/Aarz_GreenTranspilation/cpp_gpt_all/merge-operations-for-minimum-travel-time/merge-operations-for-minimum-travel-time.cpp
find-sum-of-array-product-of-magical-sequences,Find Sum of Array Product of Magical Sequences,2025-05-04,3851,/Users/aadil/Aarz_GreenTranspilation/kamyu_hard_mirror/3539__find-sum-of-array-product-of-magical-sequences/python/find-sum-of-array-product-of-magical-sequences.py,/Users/aadil/Aarz_GreenTranspilation/kamyu_hard_mirror/3539__find-sum-of-array-product-of-magical-sequences/cpp_gpt/find-sum-of-array-product-of-magical-sequences.cpp,/Users/aadil/Aarz_GreenTranspilation/cpp_gpt_all/find-sum-of-array-product-of-magical-sequences/find-sum-of-array-product-of-magical-sequences.cpp
subtree-inversion-sum,Subtree Inversion Sum,2025-05-10,3858,/Users/aadil/Aarz_GreenTranspilation/kamyu_hard_mirror/3544__subtree-inversion-sum/python/subtree-inversion-sum.py,/Users/aadil/Aarz_GreenTranspilation/kamyu_hard_mirror/3544__subtree-inversion-sum/cpp_gpt/subtree-inversion-sum.cpp,/Users/aadil/Aarz_GreenTranspilation/cpp_gpt_all/subtree-inversion-sum/subtree-inversion-sum.cpp
equal-sum-grid-partition-ii,Equal Sum Grid Partition II,2025-05-11,3850,/Users/aadil/Aarz_GreenTranspilation/kamyu_hard_mirror/3548__equal-sum-grid-partition-ii/python/equal-sum-grid-partition-ii.py,/Users/aadil/Aarz_GreenTranspilation/kamyu_hard_mirror/3548__equal-sum-grid-partition-ii/cpp_gpt/equal-sum-grid-partition-ii.cpp,/Users/aadil/Aarz_GreenTranspilation/cpp_gpt_all/equal-sum-grid-partition-ii/equal-sum-grid-partition-ii.cpp
minimum-weighted-subgraph-with-the-required-paths-ii,Minimum Weighted Subgraph With the Required Paths II,2025-05-18,3853,/Users/aadil/Aarz_GreenTranspilation/kamyu_hard_mirror/3553__minimum-weighted-subgraph-with-the-required-paths-ii/python/minimum-weighted-subgraph-with-the-required-paths-ii.py,/Users/aadil/Aarz_GreenTranspilation/kamyu_hard_mirror/3553__minimum-weighted-subgraph-with-the-required-paths-ii/cpp_gpt/minimum-weighted-subgraph-with-the-required-paths-ii.cpp,/Users/aadil/Aarz_GreenTranspilation/cpp_gpt_all/minimum-weighted-subgraph-with-the-required-paths-ii/minimum-weighted-subgraph-with-the-required-paths-ii.cpp
number-of-ways-to-assign-edge-weights-ii,Number of Ways to Assign Edge Weights II,2025-05-24,3842,/Users/aadil/Aarz_GreenTranspilation/kamyu_hard_mirror/3559__number-of-ways-to-assign-edge-weights-ii/python/number-of-ways-to-assign-edge-weights-ii.py,/Users/aadil/Aarz_GreenTranspilation/kamyu_hard_mirror/3559__number-of-ways-to-assign-edge-weights-ii/cpp_gpt/number-of-ways-to-assign-edge-weights-ii.cpp,/Users/aadil/Aarz_GreenTranspilation/cpp_gpt_all/number-of-ways-to-assign-edge-weights-ii/number-of-ways-to-assign-edge-weights-ii.cpp
maximum-profit-from-trading-stocks-with-discounts,Maximum Profit from Trading Stocks with Discounts,2025-05-25,3854,/Users/aadil/Aarz_GreenTranspilation/kamyu_hard_mirror/3562__maximum-profit-from-trading-stocks-with-discounts/python/maximum-profit-from-trading-stocks-with-discounts.py,/Users/aadil/Aarz_GreenTranspilation/kamyu_hard_mirror/3562__maximum-profit-from-trading-stocks-with-discounts/cpp_gpt/maximum-profit-from-trading-stocks-with-discounts.cpp,/Users/aadil/Aarz_GreenTranspilation/cpp_gpt_all/maximum-profit-from-trading-stocks-with-discounts/maximum-profit-from-trading-stocks-with-discounts.cpp
maximize-count-of-distinct-primes-after-split,Maximize Count of Distinct Primes After Split,2025-06-01,3878,/Users/aadil/Aarz_GreenTranspilation/kamyu_hard_mirror/3569__maximize-count-of-distinct-primes-after-split/python/maximize-count-of-distinct-primes-after-split.py,/Users/aadil/Aarz_GreenTranspilation/kamyu_hard_mirror/3569__maximize-count-of-distinct-primes-after-split/cpp_gpt/maximize-count-of-distinct-primes-after-split.cpp,/Users/aadil/Aarz_GreenTranspilation/cpp_gpt_all/maximize-count-of-distinct-primes-after-split/maximize-count-of-distinct-primes-after-split.cpp
maximize-subarray-gcd-score,Maximize Subarray GCD Score,2025-06-07,3888,/Users/aadil/Aarz_GreenTranspilation/kamyu_hard_mirror/3574__maximize-subarray-gcd-score/python/maximize-subarray-gcd-score.py,/Users/aadil/Aarz_GreenTranspilation/kamyu_hard_mirror/3574__maximize-subarray-gcd-score/cpp_gpt/maximize-subarray-gcd-score.cpp,/Users/aadil/Aarz_GreenTranspilation/cpp_gpt_all/maximize-subarray-gcd-score/maximize-subarray-gcd-score.cpp
maximum-good-subtree-score,Maximum Good Subtree Score,2025-06-07,3875,/Users/aadil/Aarz_GreenTranspilation/kamyu_hard_mirror/3575__maximum-good-subtree-score/python/maximum-good-subtree-score.py,/Users/aadil/Aarz_GreenTranspilation/kamyu_hard_mirror/3575__maximum-good-subtree-score/cpp_gpt/maximum-good-subtree-score.cpp,/Users/aadil/Aarz_GreenTranspilation/cpp_gpt_all/maximum-good-subtree-score/maximum-good-subtree-score.cpp
find-weighted-median-node-in-tree,Find Weighted Median Node in Tree,2025-06-15,3900,/Users/aadil/Aarz_GreenTranspilation/kamyu_hard_mirror/3585__find-weighted-median-node-in-tree/python/find-weighted-median-node-in-tree.py,/Users/aadil/Aarz_GreenTranspilation/kamyu_hard_mirror/3585__find-weighted-median-node-in-tree/cpp_gpt/find-weighted-median-node-in-tree.cpp,/Users/aadil/Aarz_GreenTranspilation/cpp_gpt_all/find-weighted-median-node-in-tree/find-weighted-median-node-in-tree.cpp
kth-smallest-path-xor-sum,Kth Smallest Path XOR Sum,2025-06-21,3906,/Users/aadil/Aarz_GreenTranspilation/kamyu_hard_mirror/3590__kth-smallest-path-xor-sum/python/kth-smallest-path-xor-sum.py,/Users/aadil/Aarz_GreenTranspilation/kamyu_hard_mirror/3590__kth-smallest-path-xor-sum/cpp_gpt/kth-smallest-path-xor-sum.cpp,/Users/aadil/Aarz_GreenTranspilation/cpp_gpt_all/kth-smallest-path-xor-sum/kth-smallest-path-xor-sum.cpp
minimum-time-to-transport-all-individuals,Minimum Time to Transport All Individuals,2025-06-22,3896,/Users/aadil/Aarz_GreenTranspilation/kamyu_hard_mirror/3594__minimum-time-to-transport-all-individuals/python/minimum-time-to-transport-all-individuals.py,/Users/aadil/Aarz_GreenTranspilation/kamyu_hard_mirror/3594__minimum-time-to-transport-all-individuals/cpp_gpt/minimum-time-to-transport-all-individuals.cpp,/Users/aadil/Aarz_GreenTranspilation/cpp_gpt_all/minimum-time-to-transport-all-individuals/minimum-time-to-transport-all-individuals.cpp
maximize-spanning-tree-stability-with-upgrades,Maximize Spanning Tree Stability with Upgrades,2025-06-29,3902,/Users/aadil/Aarz_GreenTranspilation/kamyu_hard_mirror/3600__maximize-spanning-tree-stability-with-upgrades/python/maximize-spanning-tree-stability-with-upgrades.py,/Users/aadil/Aarz_GreenTranspilation/kamyu_hard_mirror/3600__maximize-spanning-tree-stability-with-upgrades/cpp_gpt/maximize-spanning-tree-stability-with-upgrades.cpp,/Users/aadil/Aarz_GreenTranspilation/cpp_gpt_all/maximize-spanning-tree-stability-with-upgrades/maximize-spanning-tree-stability-with-upgrades.cpp
minimum-stability-factor-of-array,Minimum Stability Factor of Array,2025-07-05,3920,/Users/aadil/Aarz_GreenTranspilation/kamyu_hard_mirror/3605__minimum-stability-factor-of-array/python/minimum-stability-factor-of-array.py,/Users/aadil/Aarz_GreenTranspilation/kamyu_hard_mirror/3605__minimum-stability-factor-of-array/cpp_gpt/minimum-stability-factor-of-array.cpp,/Users/aadil/Aarz_GreenTranspilation/cpp_gpt_all/minimum-stability-factor-of-array/minimum-stability-factor-of-array.cpp
minimum-moves-to-reach-target-in-grid,Minimum Moves to Reach Target in Grid,2025-07-06,3922,/Users/aadil/Aarz_GreenTranspilation/kamyu_hard_mirror/3609__minimum-moves-to-reach-target-in-grid/python/minimum-moves-to-reach-target-in-grid.py,/Users/aadil/Aarz_GreenTranspilation/kamyu_hard_mirror/3609__minimum-moves-to-reach-target-in-grid/cpp_gpt/minimum-moves-to-reach-target-in-grid.cpp,/Users/aadil/Aarz_GreenTranspilation/cpp_gpt_all/minimum-moves-to-reach-target-in-grid/minimum-moves-to-reach-target-in-grid.cpp
process-string-with-special-operations-ii,Process String with Special Operations II,2025-07-13,3939,/Users/aadil/Aarz_GreenTranspilation/kamyu_hard_mirror/3614__process-string-with-special-operations-ii/python/process-string-with-special-operations-ii.py,/Users/aadil/Aarz_GreenTranspilation/kamyu_hard_mirror/3614__process-string-with-special-operations-ii/cpp_gpt/process-string-with-special-operations-ii.cpp,/Users/aadil/Aarz_GreenTranspilation/cpp_gpt_all/process-string-with-special-operations-ii/process-string-with-special-operations-ii.cpp
longest-palindromic-path-in-graph,Longest Palindromic Path in Graph,2025-07-13,3930,/Users/aadil/Aarz_GreenTranspilation/kamyu_hard_mirror/3615__longest-palindromic-path-in-graph/python/longest-palindromic-path-in-graph.py,/Users/aadil/Aarz_GreenTranspilation/kamyu_hard_mirror/3615__longest-palindromic-path-in-graph/cpp_gpt/longest-palindromic-path-in-graph.cpp,/Users/aadil/Aarz_GreenTranspilation/cpp_gpt_all/longest-palindromic-path-in-graph/longest-palindromic-path-in-graph.cpp
network-recovery-pathways,Network Recovery Pathways,2025-07-19,3919,/Users/aadil/Aarz_GreenTranspilation/kamyu_hard_mirror/3620__network-recovery-pathways/python/network-recovery-pathways.py,/Users/aadil/Aarz_GreenTranspilation/kamyu_hard_mirror/3620__network-recovery-pathways/cpp_gpt/network-recovery-pathways.cpp,/Users/aadil/Aarz_GreenTranspilation/cpp_gpt_all/network-recovery-pathways/network-recovery-pathways.cpp
number-of-integers-with-popcount-depth-equal-to-k-i,Number of Integers With Popcount-Depth Equal to K I,2025-07-19,3937,/Users/aadil/Aarz_GreenTranspilation/kamyu_hard_mirror/3621__number-of-integers-with-popcount-depth-equal-to-k-i/python/number-of-integers-with-popcount-depth-equal-to-k-i.py,/Users/aadil/Aarz_GreenTranspilation/kamyu_hard_mirror/3621__number-of-integers-with-popcount-depth-equal-to-k-i/cpp_gpt/number-of-integers-with-popcount-depth-equal-to-k-i.cpp,/Users/aadil/Aarz_GreenTranspilation/cpp_gpt_all/number-of-integers-with-popcount-depth-equal-to-k-i/number-of-integers-with-popcount-depth-equal-to-k-i.cpp
number-of-integers-with-popcount-depth-equal-to-k-ii,Number of Integers With Popcount-Depth Equal to K II,2025-07-20,3941,/Users/aadil/Aarz_GreenTranspilation/kamyu_hard_mirror/3624__number-of-integers-with-popcount-depth-equal-to-k-ii/python/number-of-integers-with-popcount-depth-equal-to-k-ii.py,/Users/aadil/Aarz_GreenTranspilation/kamyu_hard_mirror/3624__number-of-integers-with-popcount-depth-equal-to-k-ii/cpp_gpt/number-of-integers-with-popcount-depth-equal-to-k-ii.cpp,/Users/aadil/Aarz_GreenTranspilation/cpp_gpt_all/number-of-integers-with-popcount-depth-equal-to-k-ii/number-of-integers-with-popcount-depth-equal-to-k-ii.cpp
partition-array-for-maximum-xor-and-and,Partition Array for Maximum XOR and AND,2025-07-27,3882,/Users/aadil/Aarz_GreenTranspilation/kamyu_hard_mirror/3630__partition-array-for-maximum-xor-and-and/python/partition-array-for-maximum-xor-and-and.py,/Users/aadil/Aarz_GreenTranspilation/kamyu_hard_mirror/3630__partition-array-for-maximum-xor-and-and/cpp_gpt/partition-array-for-maximum-xor-and-and.cpp,/Users/aadil/Aarz_GreenTranspilation/cpp_gpt_all/partition-array-for-maximum-xor-and-and/partition-array-for-maximum-xor-and-and.cpp
threshold-majority-queries,Threshold Majority Queries,2025-08-02,3955,/Users/aadil/Aarz_GreenTranspilation/kamyu_hard_mirror/3636__threshold-majority-queries/python/threshold-majority-queries.py,/Users/aadil/Aarz_GreenTranspilation/kamyu_hard_mirror/3636__threshold-majority-queries/cpp_gpt/threshold-majority-queries.cpp,/Users/aadil/Aarz_GreenTranspilation/cpp_gpt_all/threshold-majority-queries/threshold-majority-queries.cpp
trionic-array-ii,Trionic Array II,2025-08-03,3956,/Users/aadil/Aarz_GreenTranspilation/kamyu_hard_mirror/3640__trionic-array-ii/python/trionic-array-ii.py,/Users/aadil/Aarz_GreenTranspilation/kamyu_hard_mirror/3640__trionic-array-ii/cpp_gpt/trionic-array-ii.cpp,/Users/aadil/Aarz_GreenTranspilation/cpp_gpt_all/trionic-array-ii/trionic-array-ii.cpp
next-special-palindrome-number,Next Special Palindrome Number,2025-08-10,3951,/Users/aadil/Aarz_GreenTranspilation/kamyu_hard_mirror/3646__next-special-palindrome-number/python/next-special-palindrome-number.py,/Users/aadil/Aarz_GreenTranspilation/kamyu_hard_mirror/3646__next-special-palindrome-number/cpp_gpt/next-special-palindrome-number.cpp,/Users/aadil/Aarz_GreenTranspilation/cpp_gpt_all/next-special-palindrome-number/next-special-palindrome-number.cpp
minimum-cost-path-with-teleportations,Minimum Cost Path with Teleportations,2025-08-16,3889,/Users/aadil/Aarz_GreenTranspilation/kamyu_hard_mirror/3651__minimum-cost-path-with-teleportations/python/minimum-cost-path-with-teleportations.py,/Users/aadil/Aarz_GreenTranspilation/kamyu_hard_mirror/3651__minimum-cost-path-with-teleportations/cpp_gpt/minimum-cost-path-with-teleportations.cpp,/Users/aadil/Aarz_GreenTranspilation/cpp_gpt_all/minimum-cost-path-with-teleportations/minimum-cost-path-with-teleportations.cpp
sum-of-beautiful-subsequences,Sum of Beautiful Subsequences,2025-08-31,3989,/Users/aadil/Aarz_GreenTranspilation/kamyu_hard_mirror/3671__sum-of-beautiful-subsequences/python/sum-of-beautiful-subsequences.py,/Users/aadil/Aarz_GreenTranspilation/kamyu_hard_mirror/3671__sum-of-beautiful-subsequences/cpp_gpt/sum-of-beautiful-subsequences.cpp,/Users/aadil/Aarz_GreenTranspilation/cpp_gpt_all/sum-of-beautiful-subsequences/sum-of-beautiful-subsequences.cpp
